OBJECTID,Join_Count,TARGET_FID,Join_Count_1,TARGET_FID_1,CID,DependeVar,amenity,name,operator,brand,ID_unque,Parking_Location,NEAR_FID,Train_station,Gas_station,CarRental,BusStation,Hospital,EatingDrinking,RoadNetwork,PowerNetwork,obsvalue,categorie,POINT_X,POINT_Y,RASTERVALU
1,1,203,1,203,,1,charging_station, ,Allego, ,203,0.260990293,4261,2814.792079,436.2331115,659.8982742,3140.794504,4348.802817,59.81338246,16.75628844,2.385236007,4481,Hoofdweg,157496.1932,383013.8357,0.537382722
2,1,204,1,204,,1,charging_station, , , ,204,350.7370201,2111,3153.478999,1148.708431,1386.47073,2429.27506,5088.518895,694.6615963,5.644537657,0.000535745,4481,Woongebied,156876.4827,383419.989,0.519078672
5,1,207,1,207,,1,charging_station, ,Allego, ,207,121.0513716,2744,1905.876149,808.5333114,926.7456575,2894.335773,4290.041802,216.2635402,7.384905951,0.658023266,2740,Woongebied,158102.906,383749.6987,0.570151508
6,1,208,1,208,,1,charging_station, ,evnetnl, ,208,291.8348422,2474,2135.333217,525.1191727,669.8525382,2963.811466,4194.516198,355.1878752,6.903918575,10.108075,2740,Hoofdweg,157998.7097,383480.5524,0.591356814
7,1,209,1,209,,1,charging_station, ,Allego, ,209,6.74365285,1243,937.8636146,171.217267,1552.210748,2074.520964,3906.526726,448.0734589,2.827227011,93.71019877,2493,Woongebied,159049.7634,384072.1639,0.542441487
8,1,210,1,210,,1,charging_station, ,Lidl, ,210,443.3183442,1300,2797.413329,660.0455527,960.8226666,2380.555711,4461.389065,174.144552,5.820613329,48.45200141,5585,Bedrijfsterrein,164329.0871,384113.3561,0.526078045
13,1,215,1,215,,1,charging_station, , , ,215,89.25642393,6264,1468.288964,638.2122461,664.9429731,784.7846304,2151.886654,136.8183653,3.296471271,14.59435473,6715,Woongebied,162459.9066,382657.5013,0.724604607
14,1,216,1,216,,1,charging_station,Allego Charging Station,Allego, ,216,53.70026906,5214,1203.961718,564.3948582,372.5166137,506.7229355,2148.000613,155.9102295,11.39833455,12.64347509,6715,Woongebied,162203.2689,382798.3075,0.763752222
15,1,217,1,217,,1,charging_station, ,Allego, ,217,234.3177715,7528,1787.580867,696.2692411,880.9015417,880.1440271,1628.457516,224.6240534,5.648698747,81.50322737,6715,Woongebied,162250.9377,382164.8329,0.783259213
16,1,218,1,218,,1,charging_station, ,Allego, ,218,6.298313867,7528,2019.954578,710.7005259,890.6131627,1132.005312,1630.420501,114.524478,2.30748684,92.71823847,7304,Woongebied,162443.8027,381997.9244,0.797747493
17,1,219,1,219,,1,charging_station, ,Allego, ,219,235.1068257,5025,1779.956069,885.5339079,777.832662,939.6312439,1819.568241,305.5258255,8.245973554,16.75790343,6715,Woongebied,162433.5157,382264.3004,0.773980916
18,1,220,1,220,,1,charging_station, , , ,220,284.9034786,873,2322.555381,137.800283,1030.979977,1587.270014,1121.442059,23.22548119,6.692276197,2.902006526,6897,Woongebied,160545.8985,381713.4561,0.697168529
19,1,221,1,221,,1,charging_station, , , ,221,515.4663248,3058,3188.475365,998.5409349,1636.564498,2420.527992,1296.791496,651.3100561,7.443994172,87.9261195,6897,Woongebied,159988.8039,381027.4917,0.629383087
20,1,222,1,222,,1,charging_station, ,Parkcharge, ,222,165.6730701,2548,2490.124503,595.2018419,921.0967354,1712.66089,2129.439839,226.1908635,7.169506277,1.246956324,4302,Park en plantsoen,159608.5111,382187.057,0.53347069
21,1,223,1,223,,1,charging_station, ,Allego, ,223,0,5814,1330.189263,345.2302404,16.32631062,573.4677675,1878.037171,43.96354673,8.009921536,2.851300515,5934,Detailhandel en horeca,160833.537,382686.7268,0.863902926
22,1,224,1,224,,1,charging_station, , , ,224,253.568122,5914,1515.634328,89.97092121,273.9541186,709.4341506,1921.463389,222.1126929,7.920736011,37.93689821,5934,Woongebied,160571.7525,382649.474,0.861775875
23,1,225,1,225,,1,charging_station, ,Parkcharge, ,225,277.4162262,4744,721.2948552,1091.800066,986.8741033,985.8634009,3386.215106,149.6726386,5.416319664,2.180419992,7328,Woongebied,160965.3855,384233.3293,0.700323939
24,1,226,1,226,,1,charging_station, ,Chargepoint, ,226,19.92545614,709,666.6671985,784.2913594,1590.558785,1254.48658,3431.315576,44.83430656,15.69826144,1.664225174,3582,Bedrijfsterrein,159979.9289,384038.8631,0.666798115
25,1,227,1,227,,1,charging_station, , , ,227,139.7401284,7349,722.0339666,931.0423305,1520.380425,1147.672129,3383.157149,61.08021579,4.536860544,7.396750965,3582,Bedrijfsterrein,160126.6802,384043.6379,0.689530969
26,1,228,1,228,,1,charging_station, ,opcharge, ,228,109.8219481,8323,969.2354487,902.9854984,1301.693641,1016.887644,3129.986865,40.51639846,5.866037563,13.29727137,6159,Woongebied,160069.0917,383749.6873,0.700246394
27,1,229,1,229,,1,charging_station, ,opcharge, ,229,21.30545876,1237,1071.152526,618.7429567,1466.801499,1317.818006,3170.530324,12.89603947,6.921640566,1.801249661,6159,Detailhandel en horeca,159684.7113,383604.2003,0.771720111
28,1,230,1,230,,1,charging_station, ,Opcharge, ,230,108.0498692,1459,1348.23749,563.5360077,1302.867216,1258.589573,2926.143447,245.1280531,5.750651102,0.289918881,6159,Woongebied,159697.1846,383325.661,0.758407354
29,1,231,1,231,,1,charging_station, ,evnetnl, ,231,189.261222,3060,1390.320595,505.3961042,1351.155108,1578.909322,3120.628825,116.9372044,5.239559024,1.414833951,3674,Woongebied,159377.0597,383338.4902,0.679575562
30,1,232,1,232,,1,charging_station, ,nlmab, ,232,265.6341613,697,1132.302072,239.2885315,1344.000719,1961.731709,3664.003471,507.2484063,13.58912176,87.0502611,3674,Bedrijfsterrein,159066.7125,383785.127,0.563842475
31,1,233,1,233,,1,charging_station, ,nlmab, ,233,269.19859,697,1134.737064,241.9801839,1341.867525,1960.109417,3660.714524,505.6799817,16.22954588,84.38700134,3674,Bedrijfsterrein,159067.369,383781.5008,0.563842475
32,1,234,1,234,,1,charging_station, ,evnetnl, ,234,327.4294589,2573,864.8613814,201.4609323,1651.560969,1703.390167,3581.411791,252.610462,3.283568597,0.211137014,2493,Woongebied,159380.0169,383900.356,0.644149125
33,1,235,1,235,,1,charging_station, ,Allego, ,235,246.297816,2122,796.851523,408.0538783,1724.845361,1504.375739,3467.321056,41.29539092,4.278178846,28.03931227,6159,Woongebied,159595.247,383894.6174,0.724113643
34,1,236,1,236,,1,charging_station, ,Allego, ,236,251.7302856,2658,706.1479448,409.6047963,1855.264831,2155.977762,4131.290931,143.0242883,4.560143284,6.143575583,2493,Woongebied,159124.0242,384388.5114,0.601313651
35,1,237,1,237,,1,charging_station, ,Oplaad.net, ,237,578.913524,7238,660.8155377,419.7562232,2616.441048,2413.031712,4727.542748,232.6997776,3.765403977,10.91225692,6263,Woongebied,159737.482,385331.8603,0.742018521
36,1,238,1,238,,1,charging_station, ,Allego, ,238,682.2286236,8909,363.5233566,599.0153895,2383.680107,2117.277834,4419.543053,10.54972105,3.556078738,15.36520175,6263,Woongebied,159814.9338,385032.7229,0.704162359
37,1,239,1,239,,1,charging_station, ,allego, ,239,421.7008906,2081,261.6527353,795.0354618,2125.553551,1843.883466,4161.139611,43.68946767,3.628976369,13.02677628,3582,Woongebied,159987.6585,384818.3199,0.7083202
38,1,240,1,240,,1,charging_station, , , ,240,0,3590,1407.337328,447.0404023,2648.3032,2777.729131,5180.616823,42.20703223,9.966189693,18.33819958,4282,Detailhandel en horeca,160343.4084,385957.4755,0.654993415
39,1,241,1,241,,1,charging_station, , , ,241,154.3036548,3622,1584.020796,309.6081261,2724.667127,2721.009534,5313.61982,204.3978392,5.365637958,0.660050652,4282,Woongebied,160437.9312,386108.578,0.625942528
40,1,242,1,242,,1,charging_station, ,Eco Tap, ,242,9.918453266,3328,1944.926911,375.2295865,2629.069762,2232.554474,5386.71791,326.0927187,4.129203999,76.82678534,4282,Sociaal-culturele voorziening,160925.8677,386236.6876,0.538153648
41,1,243,1,243,,1,charging_station, , , ,243,131.8909642,4660,2228.796021,329.9515767,2277.155269,1554.112806,5186.069511,535.0613786,5.152390889,27.9412563,6486,Park en plantsoen,161610.9272,386036.4612,0.588457823
48,1,250,1,250,,1,charging_station, ,Allego, ,250,90.64427027,4809,2388.741304,300.2314741,2418.296773,1395.68832,5348.647242,582.4798591,3.929505368,72.18386247,6486,Woongebied,161762.1562,386187.6962,0.561512172
52,1,254,1,254,,1,charging_station, ,Allego, ,254,200.1704815,2902,1533.41531,317.3125043,221.1861055,774.6566515,1721.969541,29.73100306,5.679385669,0.527433171,5934,Detailhandel en horeca,160747.882,382500.6278,0.851075649
53,1,255,1,255,,1,charging_station, ,opcharge, ,255,318.724139,9746,1268.41622,796.1970339,1096.880445,951.5551654,2857.469423,92.91999345,8.025892038,78.40879567,6159,Woongebied,160019.0606,383427.9988,0.75820446
54,1,256,1,256,,1,charging_station, ,Allego, ,256,547.7260127,9525,3015.500249,842.4267792,1736.347298,2247.323905,900.9848689,585.9763734,10.4161525,96.16677741,6897,Woongebied,160388.8869,381024.8537,0.53592819
55,1,257,1,257,,1,charging_station, ,allego, ,257,721.6513189,1091,630.9071854,662.0475963,2388.572028,2244.568466,4594.375129,118.8316661,6.356443733,12.79157355,6263,Woongebied,159976.4156,385268.3541,0.755303204
56,1,258,1,258,,1,charging_station, ,Allego, ,258,470.8265652,3395,1793.022768,405.5444717,492.5604213,1049.140763,1485.205911,180.8335961,13.36870276,1.16900197,5934,Woongebied,160698.1096,382229.9196,0.761547506
57,1,259,1,259,,1,charging_station, , , ,259,504.7893988,2027,1591.867392,495.3287603,520.5860798,809.0611914,1417.160439,295.3772749,0.31553463,95.01417269,5934,Woongebied,161134.3122,382271.4591,0.813894808
58,1,260,1,260,,1,charging_station, ,allego, ,260,225.1240083,8778,2566.128137,529.2349911,1406.87627,1616.433028,1188.751612,150.3053596,4.626527958,20.7414384,7304,Woongebied,162349.0486,381370.5405,0.739334106
59,1,261,1,261,,1,charging_station, , , ,261,169.6537466,1705,773.5641405,490.9463134,1670.017088,1431.044949,3434.234745,50.04782682,5.567203598,10.24874161,6159,Woongebied,159681.4944,383903.4966,0.712234616
60,1,262,1,262,,1,charging_station, ,Park n charge, ,262,173.3274535,1968,749.6715229,907.9301317,1504.744211,1237.868849,3615.223186,205.9839587,2.585625139,10.71531192,7328,Woongebied,160463.0877,384384.1857,0.739931583
61,1,263,1,263,,1,charging_station, ,Opcharge, ,263,156.4923001,1210,766.0892106,548.3643857,1621.978607,1546.997985,3945.530311,169.3146311,5.697311459,0.023371217,7328,Woongebied,160534.1648,384736.6629,0.743559539
62,1,264,1,264,,1,charging_station, ,opcharge, ,264,329.8462251,2760,1718.796948,539.6432932,766.2116066,2239.071317,3545.987151,131.2000502,6.975731579,3.026245241,3674,Woongebied,158715.3035,383315.365,0.66120857
63,1,265,1,265,,1,charging_station, ,Opcharge, ,265,108.280932,698,565.7020713,597.357601,2066.658781,2194.159068,4254.857104,157.7542499,6.482288567,77.19717517,2493,Woongebied,159212.1888,384582.7177,0.600917876
64,1,266,1,266,,1,charging_station, , , ,266,553.8619688,3058,3224.177778,1032.875332,1657.160664,2457.555846,1296.756162,688.8057382,3.973719999,85.78199424,6897,Hoofdweg,159984.4525,380989.0391,0.588414013
65,1,267,1,267,,1,charging_station, ,allego, ,267,245.0351127,4290,1667.798713,467.711724,839.2892987,2138.794525,3467.114758,38.61180877,4.719300404,84.06474936,3674,Woongebied,158815.3228,383304.9263,0.625138879
66,1,268,1,268,,1,charging_station, ,Opcharge, ,268,414.5578188,2926,2006.383447,265.1897003,755.828182,1263.612005,1184.33046,206.2355178,0.501662685,3.044822459,693,Woongebied,160800.8378,381946.6018,0.710361362
67,1,269,1,269,,1,charging_station, , , ,269,310.4409856,3239,2715.503063,366.2638697,3725.763796,2815.757626,6448.920533,22.44112958,8.535631955,38.80682833,6165,Woongebied,160559.33,387270.3872,0.593464017
68,1,270,1,270,,1,charging_station, ,Vattenval, ,270,362.4459397,3451,2676.068692,233.3576758,3886.244355,3136.73081,6531.475707,215.8557804,8.438527481,48.52721378,3471,Woongebied,160228.8798,387308.4605,0.556683958
69,1,271,1,271,,1,charging_station, ,parkncharge, ,271,179.3592849,2174,3364.962928,479.5814498,521.5701772,3002.917653,2902.143691,348.4237284,5.529914649,20.51603931,2684,Woongebied,158461.1854,381572.2354,0.607994854
70,1,272,1,272,,1,charging_station, ,allego, ,272,193.5516839,9770,1055.956659,1095.654965,1187.809881,824.745968,3058.98628,21.1711454,11.03919179,16.74202438,6159,Woongebied,160310.5668,383764.2977,0.722386122
71,1,273,1,273,,1,charging_station, , , ,273,209.8242279,4953,535.4230392,1282.705633,812.877536,833.8339562,3215.916943,56.1568988,7.036118319,32.84926878,7328,Detailhandel en horeca,161081.8746,384071.4082,0.689732313
72,1,274,1,274,,1,charging_station, , , ,274,334.5442417,3384,955.9463287,607.8922854,495.732093,148.3492884,2380.134738,36.84922756,2.945274884,8.788922336,4669,Detailhandel en horeca,160814.0945,383196.3909,0.821952105
73,1,275,1,275,,1,charging_station, ,EVnetNL, ,275,716.0587194,1091,659.0874219,646.7128469,2391.944752,2259.916079,4613.450895,91.56796275,5.818735833,0.244100311,6263,Woongebied,159991.9602,385292.7669,0.755303204
74,1,276,1,276,,1,charging_station, ,evnetnl, ,276,551.7113289,2879,1561.906501,365.1660219,649.4530342,770.2122023,2332.541276,325.2973593,3.7875662,51.50665858,6159,Sociaal-culturele voorziening,160241.8467,382952.5924,0.817161262
75,1,277,1,277,,1,charging_station, ,evnetnl, ,277,339.9343123,3410,973.4353006,588.764223,478.7825136,162.5909409,2364.570216,27.32914399,12.95087045,18.40113942,4669,Detailhandel en horeca,160805.9585,383178.8928,0.828161538
77,1,279,1,279,,1,charging_station, ,Allego, ,279,0,8874,658.101783,681.2621492,2085.415344,2320.984951,4372.238325,148.7089086,6.003827907,16.54254333,2493,Woongebied,159112.7989,384661.5241,0.584813595
78,1,280,1,280,,1,charging_station,Laadpunt electrische auto, , ,280,474.8294953,7686,2081.273783,310.3787068,769.6925675,1292.63774,1535.07897,103.2579288,16.13025743,2.926403351,4302,Detailhandel en horeca,160364.1373,382096.9987,0.674052536
79,1,281,1,281,,1,charging_station, ,Threeforce, ,281,271.2790549,3178,1417.847873,129.0065571,287.6716055,602.4270713,2051.386809,140.1435542,3.497441254,0.413428878,5934,Woongebied,160565.8795,382786.2509,0.861223876
80,1,282,1,282,,1,charging_station, ,evnetnl, ,282,0,5682,3799.454835,243.4993659,3276.748374,1633.196628,6756.935,67.05697444,5.755250116,6.957767407,5778,Woongebied,162254.9461,387546.7723,0.677599609
81,1,283,1,283,,1,charging_station, , , ,283,338.6285532,5619,4253.454432,389.6740663,3480.372325,1907.465531,7200.884749,373.411322,7.21923321,44.54024263,5778,Woongebied,162465.1996,387963.1152,0.614839315
84,1,286,1,286,,1,charging_station,Vattenfall InCharge,Vattenfall InCharge, ,286,543.3748076,5725,4363.535001,450.3178678,3740.0149,2167.366812,7411.497543,575.4418736,5.097452185,56.00188251,3031,Woongebied,162345.1942,388195.0993,0.526569247
87,1,289,1,289,,1,charging_station, ,EVnetNL, ,289,140.1672975,5348,2133.962363,124.8060891,2124.351706,1158.228907,5081.788758,211.4801134,8.960205935,4.16087564,5321,Woongebied,162039.3001,385885.259,0.615221739
88,1,290,1,290,,1,charging_station, ,Opcharge, ,290,308.279913,5610,4157.888438,255.2222254,3566.231097,1966.690034,7176.14691,340.7838921,8.041639662,18.89568846,5778,Woongebied,162313.196,387961.9251,0.62326479
89,1,291,1,291,,1,charging_station,Vattenfall InCharge,Vattenfall InCharge, ,291,102.7139982,5699,3913.766886,407.0337545,3199.910432,1590.130616,6856.555086,86.58198227,9.308860769,9.276571237,5778,Detailhandel en horeca,162459.968,387614.6562,0.662356853
91,1,293,1,293,,1,charging_station,Opcharge, , ,293,509.0744729,5619,4406.301364,506.3048084,3603.348471,2054.113496,7372.738672,542.9220818,9.140207007,1.260950317,3031,Woongebied,162499.5163,388131.6121,0.541217148
95,1,297,1,297,,1,charging_station,Allego,Allego, ,297,456.9114192,8693,4074.864743,721.9299388,3054.851397,1534.578911,6991.991098,431.2404381,10.00111915,140.4868347,5778,Woongebied,162814.8113,387681.5984,0.521151841
99,1,301,1,301,,1,charging_station, , , ,301,393.5415667,7960,606.3489115,1121.035229,831.6075454,1085.200465,3444.00407,64.30794828,11.13704944,13.72145773,7328,Detailhandel en horeca,161199.4459,384304.4668,0.621738911
100,1,302,1,302,,1,charging_station, ,Opcharge, ,302,417.3268144,8372,844.665366,187.1058371,2902.724731,2662.188698,4941.147364,431.1226745,7.157159068,55.05809356,6263,Bouwterrein,159480.1725,385464.9714,0.649793208
101,1,303,1,303,,1,charging_station, ,Allego, ,303,4.739852246,4614,1689.206241,86.12648865,1688.181625,1438.274372,4640.291534,92.97921976,1.076734567,35.42672213,5321,Woongebied,161918.0401,385456.7956,0.658451676
102,1,304,1,304,,1,charging_station, ,Park n Charge, ,304,75.47088746,5286,1970.369913,318.7794987,1942.790112,1140.874131,4904.949307,95.02844231,6.481916402,77.5478222,5321,Park en plantsoen,162129.7976,385691.163,0.634265125
103,1,305,1,305,,1,charging_station,Shell Kennedylaan West,Shell, ,305,115.345871,8268,3655.69,46.38651796,3432.121159,1771.195574,6729.481083,265.3537047,8.880369042,5.442187291,4980,Hoofdweg,162026.5278,387548.6635,0.654734194
104,1,306,1,306,,1,charging_station, ,Opcharge, ,306,276.4536048,7239,926.9092667,632.3128367,1844.945344,2451.605427,4384.126563,210.7552833,3.828897701,10.31059905,2493,Overig agrarisch terrein,158856.7382,384518.2083,0.572003186
106,1,308,1,308,,1,charging_station, , , ,308,115.8856594,2271,3674.226374,299.3872239,831.748069,3202.352479,2841.941274,115.5672726,5.170392624,17.42691717,2684,Woongebied,158458.3166,381240.0825,0.676660597
107,1,309,1,309,,1,charging_station, , , ,309,49.35106594,8235,3567.994568,440.5628621,695.8333294,3186.091468,2961.107534,260.2527276,11.63409404,45.86733283,2684,Woongebied,158362.0646,381393.7776,0.642471671
111,1,313,1,313,,1,charging_station, , , ,313,172.6635153,4240,2913.442519,926.2876929,1167.257385,2585.820571,4875.679616,522.1780155,7.318741826,63.63670352,4481,Woongebied,157133.3491,383434.187,0.57322669
112,1,314,1,314,,1,charging_station, , , ,314,138.8686701,4240,2874.55208,898.3152988,1139.579391,2605.538727,4847.880677,508.6723002,8.205411228,23.92780829,4481,Woongebied,157171.954,383443.493,0.570399761
113,1,315,1,315,,1,charging_station,ChargePoint,ChargePoint, ,315,290.8399159,5104,2462.620903,348.9159811,787.286934,1635.658719,1879.695393,241.7593621,3.065000131,81.3547194,6331,Woongebied,162922.9468,381765.2799,0.826030076
120,1,322,1,322,,1,charging_station, ,EVnetNL, ,322,24.35155034,6047,343.8311543,812.8363545,319.6691401,515.0362941,2661.343076,121.4350672,5.86610307,0.919837769,3156,Detailhandel en horeca,161681.2199,383491.4323,0.608958781
121,1,323,1,323,,1,charging_station,ChargePoint,ChargePoint, ,323,444.0036106,8918,2217.399269,508.6736862,498.2457496,1455.818194,2053.943896,95.73679702,3.551156263,30.96003582,6331,Woongebied,162931.5451,382075.4619,0.777357757
122,1,324,1,324,,1,charging_station, , , ,324,428.3543102,6435,2768.605113,600.6005323,1830.954803,1812.063998,381.6261113,424.645295,3.549067556,99.23244097,693,Sociaal-culturele voorziening,161611.7429,381040.6656,0.513960481
123,1,325,1,325,,1,charging_station, , , ,325,348.1524172,3769,2580.467855,666.2398613,1204.675568,1770.672399,1694.245208,223.4072522,9.627868804,33.73344174,6897,Woongebied,159887.4491,381833.6293,0.646343946
124,1,326,1,326,,1,charging_station,AL398,Evnet, ,326,14.60393398,3799,1681.239239,587.0741218,855.7158511,722.2735745,1322.426802,53.45196564,8.209677413,0.511360855,6715,Park en plantsoen,161647.2381,382130.2171,0.798041224
125,1,327,1,327,,1,charging_station, , , ,327,438.8556828,3883,1516.060241,574.6024667,453.153412,751.8294391,1497.496896,237.2948715,5.927158288,82.06231342,5934,Woongebied,161128.9161,382351.6536,0.815664053
126,1,328,1,328,,1,charging_station,ChargePoint,ChargePoint, ,328,155.3296604,8917,2070.625985,550.2397658,1051.533112,1147.029543,1468.546588,132.4683021,18.10436916,58.07051784,7304,Woongebied,162324.1573,381888.757,0.825219214
127,1,329,1,329,,1,charging_station,ChargePoint,ChargePoint, ,329,165.3304639,1432,1664.927172,783.5001912,759.4718694,768.2309551,1707.600752,298.5099862,4.409605819,82.29068729,6715,Woongebied,162218.5401,382284.4707,0.810004592
128,1,330,1,330,,1,charging_station,ChargePoint,ChargePoint, ,330,289.9758786,6679,2786.523083,691.0907422,714.9017797,2200.789972,2818.403985,299.0582084,4.500430778,5.623720467,2392,Woongebied,163783.9081,382145.1441,0.645898104
129,1,331,1,331,,1,charging_station,ChargePoint,ChargePoint, ,331,545.3148847,6799,3040.610228,328.9363549,1067.963237,2276.27472,2355.205583,280.7676946,3.090176007,2.935659446,6331,Woongebied,163538.9658,381510.1365,0.777200341
130,1,332,1,332,,1,charging_station, , , ,332,271.646428,6631,2865.587719,358.9041067,824.3945355,2168.695715,2513.06205,380.0800073,6.984160571,2.650195069,6331,Woongebied,163601.9951,381810.032,0.748306453
131,1,333,1,333,,1,charging_station, ,Opcharge, ,333,375.0418407,2977,3025.608078,833.315948,1653.641164,2262.289069,1212.409389,497.8687205,7.001904272,11.60802897,6897,Woongebied,160098.1389,381153.1253,0.653615713
132,1,334,1,334,,1,charging_station,Vattenfall InCharge,Vattenfall InCharge, ,334,343.0031226,2442,3037.771302,871.7007766,1479.134524,2256.502944,1384.391946,493.3434422,6.703084963,1.155798302,6897,Woongebied,159940.7826,381230.9784,0.672951639
133,1,335,1,335,,1,charging_station, ,Opcharge, ,335,313.9498359,2903,1626.315411,436.4430958,335.9074042,893.2303477,1583.444591,64.46367897,8.617866433,56.97174536,5934,Woongebied,160791.4047,382369.1118,0.83210361
134,1,336,1,336,,1,charging_station, ,Allego, ,336,246.8384162,6171,1508.669585,482.8406404,266.8642991,798.7356926,1623.807037,39.24153759,8.621726885,5.023792948,5934,Woongebied,160907.1489,382442.905,0.831109941
135,1,337,1,337,,1,charging_station, ,Park&Charge, ,337,445.8330225,2908,1487.053093,647.6249156,874.7302252,807.40837,2626.608315,267.3274835,4.850900024,0.206554614,6159,Woongebied,160146.0706,383232.9584,0.79113096
136,1,338,1,338,,1,charging_station, ,Allego, ,338,598.4290691,7405,1387.123408,425.1120263,615.8489483,611.8740038,2407.538346,189.2014151,13.38092821,35.92169558,6159,Woongebied,160362.3241,383089.1684,0.808192492
137,1,339,1,339,,1,charging_station, ,Park&Charge, ,339,591.3976288,2839,1388.215239,569.227551,753.2032881,661.8223355,2552.954851,296.6212696,7.302645283,16.76019197,6159,Woongebied,160292.2055,383217.534,0.794790804
138,1,340,1,340,,1,charging_station, ,Opcharge, ,340,211.6287149,3782,1331.631021,547.327953,220.0314252,614.5110237,1739.957079,50.9618225,6.400777273,7.889897278,5934,Woongebied,161026.4893,382583.4225,0.828971386
139,1,341,1,341,,1,charging_station,Vattenfall InCharge,Vattenfall InCharge, ,341,462.7916994,3386,1098.502143,631.9002647,666.1344189,388.7994936,2548.091432,6.740767144,5.473331743,36.67849714,4669,Hoofdweg,160569.5676,383309.8145,0.810954213
140,1,342,1,342,,1,charging_station, ,Opcharge, ,342,311.2391118,3203,1275.533715,287.2315702,332.3584676,457.8788117,2184.187998,48.57163608,6.063564264,14.16839877,5934,Woongebied,160611.935,382942.4318,0.850110173
141,1,343,1,343,,1,charging_station, ,Opcharge, ,343,87.42688575,3398,1070.042611,505.0459708,252.6018812,308.843036,2108.454237,70.13916281,6.668870213,4.10954696,5934,Detailhandel en horeca,160923.0777,382940.1833,0.841166735
142,1,344,1,344,,1,charging_station, ,Opcharge, ,344,307.283457,3203,1272.849508,288.4009259,328.6564607,455.1411927,2182.001505,52.55467512,5.408693965,13.57988862,5934,Woongebied,160616.407,382941.5578,0.850110173
143,1,345,1,345,,1,charging_station, ,Allego, ,345,345.2905307,3405,1318.063572,261.2713268,362.4996541,501.2854705,2191.436608,8.14161289,4.571292131,12.65448706,5934,Woongebied,160562.4705,382933.6884,0.8509323
144,1,346,1,346,,1,charging_station, ,Allego, ,346,468.3466469,3385,1164.388499,470.2409218,504.4322827,374.6668503,2379.559852,82.13041436,6.166894819,2.892576251,4669,Woongebied,160594.04,383141.3626,0.822744966
145,1,347,1,347,,1,charging_station, ,Allego, ,347,196.5324944,2927,2493.502325,298.3413866,1195.266635,1749.136402,1101.338604,195.1025468,8.380731879,53.95218497,6897,Woongebied,160437.2111,381576.2879,0.691114485
146,1,348,1,348,,1,charging_station, ,Ecotap, ,348,117.5727398,7349,744.1345605,929.9182037,1498.109438,1130.243865,3359.407213,48.04748103,17.43194142,21.42255129,3582,Bedrijfsterrein,160126.7891,384018.4173,0.686205924
147,1,349,1,349,,1,charging_station, ,Ecotap, ,349,0,9343,674.3363682,664.261515,1629.404225,1328.133241,3445.628229,93.46575396,20.34163031,46.56023783,3582,Bedrijfsterrein,159861.4663,384003.6702,0.663948834
148,1,350,1,350,,1,charging_station, ,Ecotap, ,350,0,9343,677.3598273,662.2713898,1627.912784,1327.825617,3443.397509,95.36148253,16.52817708,46.39750997,3582,Bedrijfsterrein,159859.5577,384000.3642,0.663948834
149,1,351,1,351,,1,charging_station, ,Ecotap, ,351,141.1426711,5246,1876.195496,522.6094785,968.6704668,933.4799802,1453.984983,62.67444295,7.064539275,3.142565198,7304,Woongebied,162141.6995,382028.6506,0.822278321
150,1,352,1,352,,1,charging_station, ,Ecotap, ,352,8.331657469,5683,3874.646615,239.2623341,3338.30393,1703.161325,6847.306343,25.75569271,3.840931117,7.427549874,5778,Hoofdweg,162265.5368,387636.5565,0.68523246
151,1,353,1,353,,1,charging_station, ,Allego, ,353,480.6507443,9065,3061.750122,516.0649788,1322.744887,2195.326444,1889.471664,28.53629252,1.739942126,8.232477354,6331,Woongebied,163135.5062,381190.3036,0.785187423
152,1,354,1,354,,1,charging_station, ,Opcharge, ,354,304.7696946,5255,676.425576,379.2418358,424.7360006,733.6365798,2738.271893,207.0582867,3.471615641,86.71706999,3156,Woongebied,162129.6763,383462.7297,0.718349397
153,1,355,1,355,,1,charging_station, ,Alfen, ,355,74.13471477,2171,3664.415678,460.9031616,754.5185058,3325.175591,3091.680646,367.9262425,0.980304221,8.581606957,2684,Hoofdweg,158222.2148,381350.7769,0.647463381
154,1,356,1,356,,1,charging_station, ,Allego, ,356,196.9853489,9832,808.5702463,257.4558545,1896.88368,1898.489848,4298.018051,370.9304719,5.691366696,0.355124801,6303,Woongebied,160467.2291,385082.7377,0.756389618
155,1,357,1,357,,1,charging_station, ,allego, ,357,210.5227306,9717,1325.255785,646.5294861,1174.055568,1096.150508,2861.624054,83.30043324,6.870733395,10.02941968,6159,Woongebied,159861.9743,383349.7691,0.768848956
156,1,358,1,358,,1,charging_station, ,allego, ,358,77.77824976,1034,1392.545568,514.2401924,1403.245761,1385.316076,2971.389993,180.4548732,8.068139716,78.75208067,6159,Woongebied,159568.8129,383294.0703,0.730464816
157,1,359,1,359,,1,charging_station, ,Allego, ,359,121.5734404,995,3403.542495,632.4477886,1097.145262,2594.36098,1915.403942,604.5836144,7.445269519,66.96517498,5261,Woongebied,159386.1973,381179.9926,0.60247165
158,1,360,1,360,,1,charging_station,Fastned Limburglaan (Albert Heijn),Fastned, ,360,0,1138,1914.135008,147.587015,1033.880146,1609.716201,2684.871247,638.9977237,14.91678871,68.03087179,904,Bedrijfsterrein,159409.3786,382792.1858,0.500490189
159,1,361,1,361,,1,charging_station, ,ABB, ,361,378.4918849,7260,224.2239628,710.0865882,2350.996956,2018.881825,4206.511437,368.1407067,14.98414976,18.44461105,3582,Bedrijfsterrein,159548.0044,384696.9859,0.570598841
160,1,362,1,362,,1,charging_station, ,ABB, ,362,378.5360759,7579,218.3920182,712.9620738,2353.628469,2014.119417,4203.184735,366.2480622,20.83086772,21.95888905,3582,Bedrijfsterrein,159553.7539,384695.9231,0.574043453
161,1,363,1,363,,1,charging_station, ,NUON, ,363,290.3473134,7221,248.5538471,708.0503002,2271.604433,1970.865512,4135.567276,287.3376352,13.04031419,18.73159071,3582,Bedrijfsterrein,159529.9183,384610.6831,0.575127125
162,1,364,1,364,,1,charging_station, ,NUON, ,364,288.8016645,7221,249.1811489,706.5844583,2270.247225,1969.996327,4134.293249,285.9328559,13.06265792,18.77275569,3582,Bedrijfsterrein,159529.6625,384609.1587,0.578659177
163,1,365,1,365,,1,charging_station, ,Allego, ,365,335.3870659,2775,1045.513749,468.9101656,2774.858817,2699.339103,5055.713055,222.2907568,5.115456432,59.20099354,6263,Woongebied,159856.3054,385713.8992,0.662238955
164,1,366,1,366,,1,charging_station, ,Park&Charge, ,366,438.6305655,8372,815.9835714,193.2773035,2873.738047,2632.079095,4912.236175,401.0824847,6.496895821,44.23079002,6263,Bouwterrein,159498.7918,385441.1913,0.649793208
165,1,367,1,367,,1,charging_station, ,Opcharge, ,367,119.392653,7326,613.3023404,602.8951711,2220.992356,2356.410845,4454.093351,284.1904554,4.638123063,28.21576596,2493,Bouwterrein,159168.16,384785.6481,0.590813458
169,1,371,1,371,,1,charging_station, ,smart charging, ,371,0,1528,2592.038973,426.3943102,1279.475739,1819.739684,1273.340607,54.41355327,11.84316551,2.173178566,6897,Detailhandel en horeca,160224.0186,381580.3465,0.712749779
170,1,372,1,372,,1,charging_station, ,Park n Charge, ,372,471.0289923,2899,1803.646701,382.4588358,490.4117966,1024.120929,1615.864561,177.2844637,8.104932729,14.32288924,4302,Woongebied,160550.8217,382305.8405,0.771080554
171,1,373,1,373,,1,charging_station, ,smart charging, ,373,381.948841,3385,1125.906019,456.9855254,434.3157002,316.9123555,2319.994549,49.40209062,5.055149519,73.77655566,4669,Woongebied,160672.0438,383101.5881,0.829989314
172,1,374,1,374,,1,charging_station, ,Vattenfall InCharge, ,374,203.9156036,3161,964.2377169,772.3638913,1371.091592,1133.719933,3162.124112,138.8158179,5.622963419,23.31662015,6159,Woongebied,159922.6135,383719.6715,0.693287432
173,1,375,1,375,,1,charging_station,T-Electric, , ,375,404.6382269,6773,2730.698739,19.46003996,821.7960671,1957.303064,2174.063416,82.68960811,13.70253192,69.57350446,6331,Woongebied,163281.39,381698.2795,0.83630538
174,1,376,1,376,,1,charging_station,ChargePoint,ChargePoint, ,376,246.4627719,6206,1849.327945,320.2159461,634.6442315,1599.18998,3029.430984,205.7406191,0.725749204,35.4677342,5466,Woongebied,163272.217,383139.047,0.802561224
175,1,377,1,377,,1,charging_station,ChargePoint,ChargePoint, ,377,391.6033101,8927,2111.152633,160.4778673,1260.266448,2120.087678,3686.267668,211.4952483,7.19114139,144.4095672,5585,Woongebied,163655.3132,383675.9307,0.672032475
176,1,378,1,378,,1,charging_station,ChargePoint,ChargePoint, ,378,99.93642716,6398,2526.076587,590.9734836,831.8586344,2043.619651,4425.299937,56.5960107,22.14645397,0.871543909,3216,Woongebied,164019.4216,384332.7278,0.555075109
177,1,379,1,379,,1,charging_station,ChargePoint,ChargePoint, ,379,117.064915,6316,2544.310085,588.2484282,835.853442,2066.755399,4426.886777,32.94964549,3.611206494,7.490881689,3216,Hoofdweg,164041.2351,384317.4029,0.575563729
178,1,380,1,380,,1,charging_station, ,Opcharge, ,380,477.5591262,1130,817.6875329,518.8845426,2645.558152,2508.576827,4848.520067,105.751829,10.06558568,49.73669579,6263,Bouwterrein,159824.5587,385487.8059,0.73606962
179,1,381,1,381,,1,charging_station, ,Opcharge, ,381,501.2545295,7238,736.8584649,398.6516542,2678.544367,2488.454013,4805.232619,233.9225625,7.358353808,85.44992152,6263,Bouwterrein,159716.2838,385406.7238,0.734549761
180,1,382,1,382,,1,charging_station, ,private, ,382,102.5308359,8361,876.0882202,778.7816688,1422.068185,1146.603209,3235.015476,120.6638289,33.60780266,68.40979052,6159,Sociaal-culturele voorziening,159957.5388,383815.9269,0.671599805
181,1,383,1,383,,1,charging_station, ,EVnetNL, ,383,119.8899661,5323,1336.779131,339.1998271,1045.743981,1379.696569,3165.15626,70.3906729,3.959318135,8.3898951,5466,Woongebied,162868.1381,383596.2133,0.813114107
182,1,384,1,384,,1,charging_station, ,Allego, ,384,316.359302,5313,1109.013153,346.5737496,818.5142805,1191.142987,3058.162228,103.0402837,10.18820394,1.277860045,5466,Woongebied,162637.3982,383599.1639,0.78505528
183,1,385,1,385,,1,charging_station, ,Opcharge, ,385,301.9187471,5291,1149.644,549.3073019,865.5342362,1419.575707,3334.567424,237.9584534,2.489765822,86.36172421,5466,Woongebied,162695.8776,383877.9373,0.651043355
184,1,386,1,386,,1,charging_station, ,Park&Charge, ,386,296.4933325,8612,1221.85949,319.6084414,934.211052,1201.76805,2999.544176,115.0645039,7.948342553,50.70318022,5466,Woongebied,162726.8486,383486.0013,0.800328195
185,1,387,1,387,,1,charging_station, ,Allego, ,387,234.0840084,5263,1273.233992,258.9066868,927.5944768,1129.317578,2861.78203,191.4284403,6.588553101,31.85191217,5466,Woongebied,162727.0904,383327.2459,0.801476955
186,1,388,1,388,,1,charging_station, ,Allego, ,388,106.0450522,5250,1019.324159,217.7864188,486.8964454,679.2968865,2506.009762,261.9746305,7.555147072,35.59001405,3156,Woongebied,162317.783,383139.9911,0.748916566
187,1,389,1,389,,1,charging_station, ,EVnetNL, ,389,109.0837561,5250,1016.05478,219.5814379,484.0084543,676.4505468,2505.418754,258.3820286,7.671702489,32.18342751,3156,Woongebied,162314.2772,383140.9428,0.748916566
188,1,390,1,390,,1,charging_station, ,Park&Charge, ,390,158.8359291,5246,1866.948569,543.0647378,958.8799789,927.7115579,1474.744318,81.10039711,8.49927728,0.980764463,7304,Woongebied,162156.5757,382043.4569,0.820529401
189,1,391,1,391,,1,charging_station, ,EVnetNL, ,391,55.62134629,5106,1932.530943,349.1393774,1041.024849,966.1949698,1262.517707,49.85012939,7.326216152,6.317141125,7304,Woongebied,161961.6018,381920.7197,0.812055945
190,1,392,1,392,,1,charging_station,ChargePoint,ChargePoint, ,392,737.1861976,846,3226.566627,533.2620213,1355.344225,2398.119582,2168.804762,254.080543,6.765981231,69.87651587,6331,Woongebied,163420.1022,381180.3891,0.72362721
191,1,393,1,393,,1,charging_station,ChargePoint,ChargePoint, ,393,921.3153925,7970,3382.902266,664.2552239,1461.839137,2569.608557,2330.828413,434.7479673,3.999594905,26.42968811,2601,Woongebied,163592.118,381112.8149,0.655984461
192,1,394,1,394,,1,charging_station, ,Park&Charge, ,394,227.2109988,7524,1022.309736,125.2712908,744.7211274,968.5796122,2832.877655,37.88568227,6.031474887,92.37222025,3156,Woongebied,162493.3987,383418.7214,0.769369543
193,1,395,1,395,,1,charging_station, ,Opcharge, ,395,137.357317,5240,1039.024547,34.42551091,709.8817436,901.8400521,2743.089699,88.53016536,3.902738277,147.0946197,3156,Bedrijfsterrein,162470.6197,383330.0537,0.764635146
197,1,399,1,399,,1,charging_station,ChargePoint,ChargePoint, ,399,307.4570722,6631,2913.258249,420.6708784,861.0080586,2226.517791,2573.226875,413.6569985,4.067141447,43.12365441,2392,Woongebied,163667.1862,381809.1642,0.712875605
199,1,401,1,401,,1,charging_station, ,EVnetNL, ,401,0,7420,2517.200448,768.597417,2959.699466,1932.203119,5817.93679,46.42563076,15.55377672,45.42950573,4282,Detailhandel en horeca,161289.687,386679.2074,0.510887682
200,1,402,1,402,,1,charging_station,ChargePoint,ChargePoint, ,402,215.493335,6679,2683.48462,663.6085868,611.0243232,2098.723184,2762.238893,206.7034807,7.456536723,107.2628521,1900,Woongebied,163693.2723,382195.9963,0.680244446
201,1,403,1,403,,1,charging_station,ChargePoint,ChargePoint, ,403,165.9666986,6728,2485.413814,644.8640983,410.294543,1899.071437,2652.022926,106.6991728,3.776756536,41.88849891,1676,Woongebied,163512.2146,382285.2459,0.686274111
202,1,404,1,404,,1,charging_station, ,Qwello Benelux BV, ,404,215.4221543,9354,1773.324284,158.5793435,1804.059702,1548.067103,4733.127826,126.2708169,9.914970932,53.93568544,5321,Woongebied,161736.7557,385571.8296,0.687794983
