j,ID_unique,POINT_X,POINT_Y,Y,LandPrice,Grid_supply,Actual_required_MW,Available_intake_MW,Chosen_BatTypes
0,1,159582.4529,384981.8982,1.0,186.7854004,111,121.8170066,109,0
1,5,163559.2399,381151.1635,1.0,329.0,207,197.6820818,190,0
4,12,159664.359,384622.0184,1.0,266.7861938,111,121.8170066,109,0
5,18,162758.657,387929.8815,1.0,310.9631653,207,197.6820818,190,0
9,30,163603.6352,383195.3422,1.0,289.643158,207,197.6820818,190,0
10,33,161751.7677,385593.9844,1.0,263.9170837,207,197.6820818,190,0
11,36,159403.5542,381490.7612,1.0,280.8399963,77,110.1706551,64,0
14,43,159733.7683,382068.874,1.0,240.4869232,77,110.1706551,64,0
16,48,163699.9264,383641.215,1.0,281.53125,207,197.6820818,190,0
18,55,163225.3836,383319.8454,1.0,251.4498901,207,197.6820818,190,0
19,59,162938.3608,383089.1632,1.0,309.8599548,207,197.6820818,190,0
21,70,158127.57,383303.1093,1.0,308.4058533,77,110.1706551,64,0
22,71,161756.253,385422.8974,1.0,251.5554199,207,197.6820818,190,0
25,90,160270.4635,387127.7549,1.0,258.9400024,111,121.8170066,109,0
30,103,159403.2866,383382.6183,1.0,331.7999878,77,110.1706551,64,0
31,105,159482.3674,381081.0815,1.0,290.8999939,77,110.1706551,64,0
34,108,157869.115,380998.9188,1.0,263.0502319,77,110.1706551,64,0
36,118,160475.3305,382364.2921,1.0,281.1400146,77,110.1706551,64,0
39,124,163105.6967,382928.4199,1.0,336.5397034,207,197.6820818,190,0
40,125,160952.1306,386875.2278,1.0,304.6843262,111,121.8170066,109,0
42,128,159841.0249,385376.1402,1.0,306.9666138,111,121.8170066,109,0
43,130,159312.2133,383769.9627,1.0,334.5487061,77,110.1706551,64,0
45,136,159849.4765,381785.1087,1.0,234.1065674,77,110.1706551,64,0
46,137,161596.9327,385622.3577,1.0,278.0,207,197.6820818,190,0
47,139,157973.7371,380940.8995,1.0,312.8260803,77,110.1706551,64,0
50,150,159412.1603,381304.5453,1.0,307.6600037,77,110.1706551,64,0
51,152,158538.9366,381047.2815,1.0,346.0757141,77,110.1706551,64,0
53,157,160395.0559,384487.2325,1.0,325.2000122,111,121.8170066,109,0
54,158,159029.7678,384311.9101,1.0,337.2799988,77,110.1706551,64,0
57,162,161373.7638,385360.6353,1.0,253.1761017,207,197.6820818,190,0
58,163,159151.1203,384175.828,1.0,289.4707947,77,110.1706551,64,0
62,177,160031.359,387133.2743,1.0,223.0939026,111,121.8170066,109,0
63,184,159207.7982,383387.9401,1.0,340.6362305,77,110.1706551,64,0
68,196,164051.7099,384479.54,1.0,294.934845,207,197.6820818,190,0
71,199,161409.0996,385471.4101,1.0,245.3084717,207,197.6820818,190,0
72,201,163004.5235,382013.5025,1.0,293.1000061,207,197.6820818,190,0
74,204,162157.7947,381990.5792,1.0,352.2501526,207,197.6820818,190,0
76,211,163498.8244,381350.7959,1.0,321.4292908,207,197.6820818,190,0
78,219,162190.18,387007.7711,1.0,292.1773376,207,197.6820818,190,0
79,222,160674.9343,383272.1975,1.0,248.7089081,77,110.1706551,64,0
80,224,161432.9237,387621.8297,1.0,333.0,207,197.6820818,190,0
81,226,162292.5129,382025.6912,1.0,346.3129883,207,197.6820818,190,0
82,227,157748.8412,383645.2492,1.0,330.0177307,77,110.1706551,64,0
83,232,161501.1685,386148.8273,1.0,325.4165955,207,197.6820818,190,0
85,239,159222.2693,381596.6592,1.0,253.8051758,77,110.1706551,64,0
86,241,158053.4074,381011.9572,1.0,262.1062622,77,110.1706551,64,0
88,243,160047.9602,382582.8862,1.0,343.8714905,77,110.1706551,64,0
89,246,160753.9365,387109.5021,1.0,322.9061279,111,121.8170066,109,0
90,254,163544.6391,383520.3523,1.0,283.9869995,207,197.6820818,190,0
91,255,158200.2413,383601.3999,1.0,304.6000061,77,110.1706551,64,0
92,262,161181.125,383991.635,1.0,321.2835083,207,197.6820818,190,0
93,272,160481.0928,382062.5052,1.0,253.8020325,77,110.1706551,64,0
94,274,161540.3074,384184.4795,1.0,366.2505188,207,197.6820818,190,0
95,275,159764.3982,380937.2976,1.0,285.9724121,77,110.1706551,64,0
96,277,160640.4605,383949.0518,1.0,340.0,111,121.8170066,109,0
99,283,159558.3735,384474.0945,1.0,321.4851379,77,110.1706551,64,0
105,293,158034.5183,383661.1724,1.0,313.0400085,77,110.1706551,64,0
106,295,161867.2708,382592.7026,1.0,291.1600037,207,197.6820818,190,0
113,320,164099.4247,382992.2593,1.0,271.1599121,207,197.6820818,190,0
116,324,163330.9921,383260.1063,1.0,338.4944458,207,197.6820818,190,0
117,325,160423.0076,387802.3017,1.0,278.3008423,207,197.6820818,190,0
119,330,160694.8797,386708.6373,1.0,301.8999939,111,121.8170066,109,0
123,349,161533.5285,387674.96,1.0,329.3635864,207,197.6820818,190,0
125,351,159642.5725,384260.533,1.0,269.0359802,111,121.8170066,109,0
126,356,162739.9118,387620.4526,1.0,317.4400024,207,197.6820818,190,0
128,366,160995.9326,385525.938,1.0,273.802887,111,121.8170066,109,0
131,374,164104.8784,383798.2528,1.0,330.1923828,207,197.6820818,190,0
132,376,159145.9528,384368.9339,1.0,327.8600464,77,110.1706551,64,0
134,381,158202.9763,381061.0691,1.0,282.4928589,77,110.1706551,64,0
135,387,160556.4555,381433.8981,1.0,269.5598755,77,110.1706551,64,0
136,390,163732.1471,382953.6606,1.0,232.2144318,207,197.6820818,190,0
139,394,157589.5783,383429.3786,1.0,380.7124634,77,110.1706551,64,0
141,397,162216.6867,387481.978,1.0,303.0401306,207,197.6820818,190,0
147,407,163473.0142,383601.599,1.0,330.5944824,207,197.6820818,190,0
152,415,160312.4814,381902.0501,1.0,335.7064514,77,110.1706551,64,0
154,418,163456.7,383992.2064,1.0,358.1141052,207,197.6820818,190,0
155,425,161932.2997,385986.4951,1.0,266.8001099,207,197.6820818,190,0
156,438,162666.7662,387434.9461,1.0,291.5400085,207,197.6820818,190,0
159,443,163870.8836,383285.3715,1.0,271.2000122,207,197.6820818,190,0
161,457,161701.8005,387174.4377,1.0,334.4400024,111,121.8170066,109,0
162,466,163292.786,381234.9281,1.0,305.186615,207,197.6820818,190,0
163,469,161115.814,385609.9748,1.0,283.1600037,111,121.8170066,109,0
165,471,161776.2177,387411.7105,1.0,318.8182068,111,121.8170066,109,0
166,473,163974.9078,384355.2659,1.0,306.8791199,207,197.6820818,190,0
169,483,163027.8977,382434.6264,1.0,275.1774902,207,197.6820818,190,0
171,494,163292.565,382134.1437,1.0,291.145752,207,197.6820818,190,0
172,497,159281.4985,381152.6906,1.0,326.2363281,77,110.1706551,64,0
174,499,164067.5492,383128.399,1.0,280.2663879,207,197.6820818,190,0
176,506,161187.0788,386745.206,1.0,324.9267578,111,121.8170066,109,0
177,510,160320.2182,385972.5333,1.0,304.8800049,111,121.8170066,109,0
178,512,158453.1892,381374.431,1.0,275.5,77,110.1706551,64,0
179,513,161589.9467,387440.8318,1.0,309.4162292,111,121.8170066,109,0
182,519,162706.2086,387728.497,1.0,329.4985657,207,197.6820818,190,0
184,522,160893.8076,385265.8414,1.0,334.8901672,111,121.8170066,109,0
185,530,160257.8334,385169.5432,1.0,314.4456482,111,121.8170066,109,0
187,536,160927.0456,385813.4895,1.0,280.9932251,111,121.8170066,109,0
188,540,160671.7683,384323.5212,1.0,296.5100098,111,121.8170066,109,0
189,542,158581.9465,383465.8154,1.0,292.519989,77,110.1706551,64,0
190,543,160092.3235,381697.8019,1.0,311.250824,77,110.1706551,64,0
191,548,162700.8311,383225.5091,1.0,253.1319733,207,197.6820818,190,0
194,552,160312.1185,382686.2465,1.0,308.1219788,77,110.1706551,64,0
198,567,162837.0329,381026.1145,1.0,312.6808167,207,197.6820818,190,0
199,572,160796.6419,387407.5336,1.0,306.2000122,111,121.8170066,109,0
202,583,163123.2857,383679.8007,1.0,317.9202576,207,197.6820818,190,0
206,605,157798.2195,383447.8983,1.0,319.4353943,77,110.1706551,64,0
207,606,161046.6836,384309.9381,1.0,319.3143311,111,121.8170066,109,0
211,617,160205.0602,383827.9039,1.0,249.5599976,77,110.1706551,64,0
217,634,161367.4601,388072.1089,1.0,300.2400818,207,197.6820818,190,0
220,642,160627.8002,385872.314,1.0,247.4253387,111,121.8170066,109,0
221,650,161445.7416,383292.9133,1.0,309.275116,111,121.8170066,109,0
223,652,160163.4761,382208.5351,1.0,247.3200073,77,110.1706551,64,0
224,653,160583.1454,381605.8567,1.0,313.1862793,77,110.1706551,64,0
227,664,159836.2854,384772.5709,1.0,180.6962891,111,121.8170066,109,0
230,681,160392.7557,382001.4739,1.0,186.0000916,77,110.1706551,64,0
231,683,160244.7342,382510.6286,1.0,249.1643372,77,110.1706551,64,0
232,687,162455.1118,387263.5747,1.0,296.3067017,207,197.6820818,190,0
233,689,161792.2924,386151.4161,1.0,285.0277405,207,197.6820818,190,0
237,705,163358.7739,381512.3318,1.0,294.0360718,207,197.6820818,190,0
238,708,164020.1804,384178.9958,1.0,348.9599915,207,197.6820818,190,0
239,710,160788.0633,386280.7311,1.0,280.7997131,111,121.8170066,109,0
240,713,163557.1766,383670.0884,1.0,291.0299683,207,197.6820818,190,0
243,722,160332.7516,381419.998,1.0,315.3389893,77,110.1706551,64,0
245,727,159656.9742,381939.873,1.0,329.7600098,77,110.1706551,64,0
247,729,159882.7827,386122.7015,1.0,315.2200012,111,121.8170066,109,0
248,734,162228.6338,387635.3688,1.0,328.8504639,207,197.6820818,190,0
249,735,163111.1378,383522.1401,1.0,321.5799866,207,197.6820818,190,0
251,743,163732.0157,382075.0343,1.0,317.6000061,207,197.6820818,190,0
253,752,162993.6045,382160.8775,1.0,304.5598145,207,197.6820818,190,0
254,753,159938.9716,384468.1506,1.0,282.0003357,111,121.8170066,109,0
256,759,160581.0017,387700.3169,1.0,307.5,207,197.6820818,190,0
258,764,160374.1711,384614.7899,1.0,302.3200073,111,121.8170066,109,0
259,770,157980.1665,383753.3438,1.0,260.0395203,77,110.1706551,64,0
260,784,159332.2573,382804.8425,1.0,324.6180725,77,110.1706551,64,0
266,796,162145.3172,383225.3189,1.0,322.9225769,207,197.6820818,190,0
267,800,161424.4776,383064.7879,1.0,298.6799927,111,121.8170066,109,0
270,805,161135.4424,383184.8164,1.0,297.4362793,77,110.1706551,64,0
271,811,161692.1705,385242.4313,1.0,290.2573547,207,197.6820818,190,0
272,813,162116.0836,381687.4165,1.0,306.1199951,207,197.6820818,190,0
273,814,161125.5237,387399.43,1.0,284.8727112,207,197.6820818,190,0
274,816,161016.6571,383807.1498,1.0,275.5521851,207,197.6820818,190,0
277,821,160120.9786,385493.1588,1.0,306.0400085,111,121.8170066,109,0
278,822,161173.0638,387894.9602,1.0,340.0499878,207,197.6820818,190,0
281,830,163727.4327,381923.5287,1.0,290.2218628,207,197.6820818,190,0
282,833,161531.3688,385862.4023,1.0,330.7999878,207,197.6820818,190,0
284,835,159542.0003,384334.5794,1.0,348.5764465,111,121.8170066,109,0
285,836,160578.2822,386365.0707,1.0,265.5205383,111,121.8170066,109,0
289,853,160208.0685,384786.8268,1.0,285.6400146,111,121.8170066,109,0
290,861,163095.2368,382644.5056,1.0,345.1273193,207,197.6820818,190,0
292,868,158788.6076,383290.4829,1.0,340.2394104,77,110.1706551,64,0
293,869,160504.5909,384277.3335,1.0,264.8800049,111,121.8170066,109,0
294,870,158719.7226,383657.2651,1.0,295.2080078,77,110.1706551,64,0
298,886,160890.3848,386322.7653,1.0,295.7626648,111,121.8170066,109,0
299,887,161816.4686,386270.1644,1.0,299.7811584,207,197.6820818,190,0
302,890,160523.5931,385870.8228,1.0,264.5167236,111,121.8170066,109,0
304,895,161522.636,387138.4117,1.0,321.4078979,111,121.8170066,109,0
306,903,157859.0068,381338.1556,1.0,372.9271545,77,110.1706551,64,0
311,917,160318.6451,387694.6145,1.0,300.0843506,207,197.6820818,190,0
312,919,160767.4208,383636.281,1.0,322.1714172,111,121.8170066,109,0
313,920,159574.1601,381998.6736,1.0,280.4500122,77,110.1706551,64,0
314,929,163342.1124,381128.9591,1.0,308.8346558,207,197.6820818,190,0
315,930,157842.5067,383776.5023,1.0,320.2145691,77,110.1706551,64,0
317,935,159966.8379,381413.1001,1.0,265.2000122,77,110.1706551,64,0
318,937,161085.9219,385771.8071,1.0,240.5599976,111,121.8170066,109,0
319,938,157741.7429,383758.1443,1.0,357.0935364,111,121.8170066,109,0
328,956,158675.0856,381565.0024,1.0,308.0599976,77,110.1706551,64,0
330,962,161395.3088,385016.8652,1.0,277.2999878,207,197.6820818,190,0
333,978,159543.4871,383056.1578,1.0,289.908905,77,110.1706551,64,0
334,979,161961.4198,385370.8716,1.0,264.3457642,207,197.6820818,190,0
336,985,159576.104,384859.6578,1.0,245.6785278,111,121.8170066,109,0
337,990,161875.1568,384946.3795,1.0,184.0523376,207,197.6820818,190,0
338,995,160245.1088,384098.8193,1.0,314.456543,77,110.1706551,64,0
340,997,162387.7158,387952.0186,1.0,321.7678528,207,197.6820818,190,0
341,1001,161427.32,387738.6705,1.0,330.7017822,207,197.6820818,190,0
346,1019,161242.2256,385171.8411,1.0,316.0144348,111,121.8170066,109,0
347,1025,157751.8945,383203.4084,1.0,393.5039063,77,110.1706551,64,0
348,1027,162074.5898,387512.3129,1.0,286.8335876,207,197.6820818,190,0
349,1028,163573.3633,381769.8694,1.0,318.5599365,207,197.6820818,190,0
350,1031,163101.4662,383167.029,1.0,243.8999939,207,197.6820818,190,0
351,1032,160350.2929,386918.3292,1.0,258.6822815,111,121.8170066,109,0
354,1036,163813.1155,382677.9915,1.0,315.8104248,207,197.6820818,190,0
356,1045,163918.6285,383853.6197,1.0,311.3414307,207,197.6820818,190,0
357,1046,162022.8102,382745.1397,1.0,307.2219849,207,197.6820818,190,0
359,1053,160537.4703,382467.2721,1.0,410.739624,77,110.1706551,64,0
363,1065,160522.6219,381726.9293,1.0,329.1205139,77,110.1706551,64,0
365,1068,162397.7978,387541.2874,1.0,282.3875427,207,197.6820818,190,0
366,1076,158300.8247,383313.1406,1.0,307.9997864,77,110.1706551,64,0
367,1077,160613.3782,383748.6511,1.0,310.2871704,111,121.8170066,109,0
368,1081,161745.9741,382855.8252,1.0,270.2616577,207,197.6820818,190,0
369,1082,163657.1047,382507.5796,1.0,367.2158813,207,197.6820818,190,0
370,1090,163204.6361,381337.5336,1.0,238.2330933,207,197.6820818,190,0
372,1097,161415.8328,385973.8713,1.0,326.2099915,207,197.6820818,190,0
374,1099,159436.1742,384101.6493,1.0,339.7538147,111,121.8170066,109,0
378,1108,163771.0575,383481.8247,1.0,301.7399902,207,197.6820818,190,0
380,1111,160919.1526,387360.4916,1.0,267.7099915,207,197.6820818,190,0
382,1115,158257.8953,383825.1534,1.0,309.5272827,77,110.1706551,64,0
383,1118,160948.6943,384244.6617,1.0,325.0,111,121.8170066,109,0
384,1122,162687.2315,381445.624,1.0,294.7980042,207,197.6820818,190,0
386,1138,159881.2133,384987.6019,1.0,234.1212158,111,121.8170066,109,0
390,1146,163167.9277,382737.8946,1.0,343.772583,207,197.6820818,190,0
391,1147,163904.775,383623.3828,1.0,346.2999878,207,197.6820818,190,0
392,1150,162048.9474,385099.0709,1.0,345.5028381,207,197.6820818,190,0
395,1154,160704.1951,385209.8253,1.0,294.6401672,111,121.8170066,109,0
398,1169,160620.478,385661.0537,1.0,307.1929932,111,121.8170066,109,0
399,1174,161437.9186,383787.1522,1.0,335.1678467,207,197.6820818,190,0
401,1184,161961.1595,387413.2781,1.0,300.8681946,111,121.8170066,109,0
407,1197,159795.5911,387926.0349,1.0,274.7999878,207,197.6820818,190,0
409,1206,164028.3459,383251.0029,1.0,283.9078064,207,197.6820818,190,0
413,1214,161755.1074,387872.5463,1.0,352.2127686,207,197.6820818,190,0
415,1221,160169.49,386134.194,1.0,243.4811401,111,121.8170066,109,0
416,1228,160251.1578,384375.4538,1.0,242.632431,111,121.8170066,109,0
417,1236,161245.3278,387448.226,1.0,280.0,207,197.6820818,190,0
419,1245,162350.9924,380830.3254,1.0,273.6091003,207,197.6820818,190,0
421,1248,162450.4726,380952.9247,1.0,293.5467529,207,197.6820818,190,0
423,1257,163552.8241,383770.7119,1.0,302.8745728,207,197.6820818,190,0
424,1261,161152.119,387236.3303,1.0,300.6499939,207,197.6820818,190,0
426,1265,160668.5044,385113.6767,1.0,302.7000122,111,121.8170066,109,0
427,1267,163552.8144,382158.1062,1.0,295.4330444,207,197.6820818,190,0
428,1270,159716.5314,383812.4484,1.0,322.0400085,77,110.1706551,64,0
429,1271,160138.8368,385801.6113,1.0,317.576416,111,121.8170066,109,0
430,1273,159086.4271,383707.0126,1.0,282.6621094,77,110.1706551,64,0
432,1281,159165.5782,383855.0324,1.0,282.3063965,77,110.1706551,64,0
434,1283,160240.393,383006.949,1.0,324.0102844,77,110.1706551,64,0
437,1287,160003.7245,382407.234,1.0,256.9587097,77,110.1706551,64,0
438,1288,160626.1067,384167.1646,1.0,276.8399963,111,121.8170066,109,0
439,1295,159374.9552,384411.8842,1.0,285.3280029,77,110.1706551,64,0
440,1298,158685.1998,383309.9523,1.0,172.7200012,77,110.1706551,64,0
441,1305,160021.0476,386154.8698,1.0,291.3428955,111,121.8170066,109,0
443,1307,160326.0284,385816.3664,1.0,287.0799866,111,121.8170066,109,0
444,1310,158599.2781,383225.2556,1.0,227.6161499,77,110.1706551,64,0
445,1311,160056.7516,384608.2349,1.0,307.6199951,111,121.8170066,109,0
447,1314,158036.9641,383881.2582,1.0,333.1634521,77,110.1706551,64,0
448,1315,161732.6094,381672.8431,1.0,340.0641174,207,197.6820818,190,0
453,1335,163890.0697,381844.5944,1.0,608.9171143,207,197.6820818,190,0
454,1336,157648.4887,383328.5276,1.0,376.7952881,77,110.1706551,64,0
455,1338,159950.9644,381147.331,1.0,257.5487976,77,110.1706551,64,0
456,1339,162637.5024,387329.5742,1.0,302.0799866,207,197.6820818,190,0
458,1342,162461.587,387118.7616,1.0,306.4400024,207,197.6820818,190,0
459,1346,161042.4822,386823.4016,1.0,303.9697571,111,121.8170066,109,0
461,1354,160178.6667,384189.3256,1.0,322.3539429,111,121.8170066,109,0
462,1357,158426.6279,383393.6391,1.0,281.4041748,77,110.1706551,64,0
463,1360,163497.8338,381851.4722,1.0,301.2182922,207,197.6820818,190,0
466,1380,159321.1322,383958.7675,1.0,185.129364,77,110.1706551,64,0
467,1381,161284.6689,387715.6261,1.0,323.492981,207,197.6820818,190,0
469,1387,161679.5073,387632.8445,1.0,323.4537048,207,197.6820818,190,0
474,1398,162166.0117,387340.5569,1.0,252.1999969,207,197.6820818,190,0
475,1401,162447.6443,381624.82,1.0,313.1855774,207,197.6820818,190,0
478,1405,158884.6273,383941.9897,1.0,316.2243652,77,110.1706551,64,0
479,1406,159863.344,382358.8833,1.0,239.1228027,77,110.1706551,64,0
481,1412,159639.7284,384137.5416,1.0,304.6913452,111,121.8170066,109,0
482,1415,161389.3629,384006.3607,1.0,359.2832642,207,197.6820818,190,0
484,1419,160847.1341,383836.4936,1.0,284.6128845,111,121.8170066,109,0
485,1421,158819.258,383396.6631,1.0,295.2000122,77,110.1706551,64,0
486,1423,161351.306,385235.5784,1.0,342.7167358,207,197.6820818,190,0
487,1431,162457.1988,381239.521,1.0,340.1099854,207,197.6820818,190,0
488,1432,160197.1214,384958.8406,1.0,308.3979187,111,121.8170066,109,0
489,1434,159916.9236,384704.5549,1.0,232.5465698,111,121.8170066,109,0
490,1439,162542.8535,380775.8515,1.0,265.215271,207,197.6820818,190,0
491,1443,160528.139,386192.5764,1.0,268.2399902,111,121.8170066,109,0
492,1444,161867.7865,387013.7884,1.0,322.7600098,111,121.8170066,109,0
493,1454,161877.8127,381612.061,1.0,248.0,207,197.6820818,190,0
495,1461,160041.5232,384451.8581,1.0,300.0386353,111,121.8170066,109,0
499,1469,162554.6982,381092.9515,1.0,347.7217407,207,197.6820818,190,0
500,1471,159108.917,382776.615,1.0,328.4571838,77,110.1706551,64,0
501,1472,162297.3759,385527.7287,1.0,319.8999939,207,197.6820818,190,0
502,1477,160367.7352,381303.6489,1.0,290.29599,77,110.1706551,64,0
503,1489,161776.3187,382542.1517,1.0,331.7659302,207,197.6820818,190,0
504,1496,162465.1786,383094.7058,1.0,333.4776611,207,197.6820818,190,0
505,1498,163447.606,383756.1992,1.0,356.1407776,207,197.6820818,190,0
507,1503,162554.6563,388093.9596,1.0,319.2958679,207,197.6820818,190,0
508,1509,159798.0504,385266.245,1.0,301.0000916,111,121.8170066,109,0
510,1514,160081.7044,386841.6209,1.0,325.6886902,111,121.8170066,109,0
511,1516,161836.3064,387522.6066,1.0,310.164917,207,197.6820818,190,0
512,1520,161470.9774,383457.1374,1.0,245.1629944,111,121.8170066,109,0
515,1525,158421.9726,383727.5661,1.0,239.2402039,77,110.1706551,64,0
518,1529,159959.7104,384860.0637,1.0,190.1808777,111,121.8170066,109,0
519,1530,162082.7391,387031.105,1.0,301.7290039,207,197.6820818,190,0
520,1531,163244.4823,381697.9899,1.0,341.0126648,207,197.6820818,190,0
522,1535,164152.3134,383414.1966,1.0,292.1965332,207,197.6820818,190,0
523,1538,163702.8704,382793.8442,1.0,279.5143738,207,197.6820818,190,0
524,1539,161540.2497,385218.6875,1.0,366.387146,207,197.6820818,190,0
525,1540,159629.6719,382996.987,1.0,323.5237732,77,110.1706551,64,0
529,1557,162435.9704,387635.4361,1.0,296.0096741,207,197.6820818,190,0
534,1565,158868.032,383018.7536,1.0,346.1925354,77,110.1706551,64,0
535,1568,159597.7754,381394.4938,1.0,323.7496643,77,110.1706551,64,0
536,1570,159375.5981,383203.1033,1.0,337.7797241,77,110.1706551,64,0
537,1571,161981.7122,386108.1384,1.0,271.4274292,207,197.6820818,190,0
541,1579,161194.8447,384949.8115,1.0,315.5001526,111,121.8170066,109,0
543,1584,160177.1474,381752.9154,1.0,310.8392334,77,110.1706551,64,0
545,1588,163308.1079,383113.7574,1.0,323.5499878,207,197.6820818,190,0
547,1596,162287.1021,382673.582,1.0,335.1600037,207,197.6820818,190,0
548,1599,159924.523,383290.8145,1.0,327.3599854,77,110.1706551,64,0
557,1617,159443.419,385132.1161,1.0,183.1586456,111,121.8170066,109,0
559,1627,163200.7088,382021.958,1.0,320.7938538,207,197.6820818,190,0
560,1628,160055.4613,384713.7534,1.0,330.165741,111,121.8170066,109,0
562,1634,159670.2907,382343.6643,1.0,248.486969,77,110.1706551,64,0
565,1650,160341.8717,387301.7756,1.0,297.0279236,111,121.8170066,109,0
567,1657,160538.2635,385189.8171,1.0,334.8888855,111,121.8170066,109,0
569,1666,161910.0405,385506.2625,1.0,267.8736877,207,197.6820818,190,0
570,1668,160451.6445,387002.443,1.0,318.2463379,111,121.8170066,109,0
571,1669,161629.5422,385135.806,1.0,339.1319275,207,197.6820818,190,0
572,1671,161328.6593,386794.4201,1.0,263.2096252,111,121.8170066,109,0
574,1676,160647.0123,384883.3936,1.0,309.3107605,111,121.8170066,109,0
578,1681,160220.3644,387898.494,1.0,325.2669373,207,197.6820818,190,0
579,1682,160971.0216,384841.1321,1.0,266.2399902,111,121.8170066,109,0
580,1683,163875.4643,382892.7122,1.0,239.1347046,207,197.6820818,190,0
581,1687,157853.6963,381200.9062,1.0,215.7288666,77,110.1706551,64,0
584,1700,160524.6612,387278.496,1.0,329.2399902,111,121.8170066,109,0
585,1702,161071.97,386063.2676,1.0,227.2480011,111,121.8170066,109,0
586,1709,161202.8811,383768.2315,1.0,294.9817505,207,197.6820818,190,0
588,1719,162633.2805,381594.8634,1.0,289.8027649,207,197.6820818,190,0
589,1728,164117.7144,383679.8942,1.0,336.9895325,207,197.6820818,190,0
590,1730,160347.5273,387551.8616,1.0,339.0,207,197.6820818,190,0
591,1739,159251.2004,384331.485,1.0,304.4252625,77,110.1706551,64,0
592,1745,159178.5404,383158.1809,1.0,324.8561401,77,110.1706551,64,0
593,1746,163425.6492,383095.8342,1.0,323.2550354,207,197.6820818,190,0
594,1749,164185.3412,384058.6966,1.0,303.0130005,207,197.6820818,190,0
595,1752,161387.2483,385742.5951,1.0,302.2019348,207,197.6820818,190,0
598,1761,160467.8675,387923.0075,1.0,309.9400024,207,197.6820818,190,0
600,1773,162397.4738,388090.3036,1.0,359.2000122,207,197.6820818,190,0
606,1779,162057.0835,387187.1773,1.0,295.9966736,207,197.6820818,190,0
607,1782,162252.2124,381627.908,1.0,341.6964722,207,197.6820818,190,0
609,1786,160107.3283,384834.2293,1.0,272.4424133,111,121.8170066,109,0
610,1789,158555.0743,383787.9544,1.0,264.1076965,77,110.1706551,64,0
611,1790,160134.5147,387167.5834,1.0,235.6354675,111,121.8170066,109,0
615,1800,159879.3622,385603.1575,1.0,328.6000061,111,121.8170066,109,0
616,1804,157912.0612,383537.4373,1.0,297.0028687,77,110.1706551,64,0
617,1805,158684.9863,381113.9009,1.0,270.5200806,77,110.1706551,64,0
622,1819,161061.2643,385933.3143,1.0,308.6400146,111,121.8170066,109,0
625,1827,158111.1762,381175.4015,1.0,296.7364807,77,110.1706551,64,0
629,1841,160385.1995,382112.7379,1.0,244.6000061,77,110.1706551,64,0
630,1849,163349.6174,383410.728,1.0,345.1730347,207,197.6820818,190,0
631,1850,163264.2258,382565.7136,1.0,345.4696655,207,197.6820818,190,0
636,1872,160794.265,384999.2224,1.0,189.7158356,111,121.8170066,109,0
637,1879,160885.5611,384045.4108,1.0,128.6212921,207,197.6820818,190,0
638,1883,161386.9951,387300.0471,1.0,301.0,207,197.6820818,190,0
639,1889,159618.5514,381135.3546,1.0,264.6409912,77,110.1706551,64,0
641,1892,159304.2596,383559.4082,1.0,218.8735809,77,110.1706551,64,0
642,1899,161662.9235,385501.3638,1.0,241.506897,207,197.6820818,190,0
648,1915,161790.2051,385794.9854,1.0,246.7501678,207,197.6820818,190,0
650,1919,162567.6728,387954.0869,1.0,222.3094025,207,197.6820818,190,0
651,1920,161431.0317,384881.0591,1.0,252.6997528,207,197.6820818,190,0
652,1921,160747.9798,386569.0725,1.0,261.2521362,111,121.8170066,109,0
654,1930,161831.7096,382687.0727,1.0,322.6051331,207,197.6820818,190,0
657,1945,159870.9187,381367.3593,1.0,304.2000122,77,110.1706551,64,0
659,1949,162161.2262,387866.102,1.0,302.7999878,207,197.6820818,190,0
660,1951,160625.4303,387089.878,1.0,310.7999878,111,121.8170066,109,0
661,1955,160337.5774,384759.9512,1.0,308.6400146,111,121.8170066,109,0
662,1958,162403.2445,387793.7959,1.0,317.0,207,197.6820818,190,0
663,1965,159646.6137,385100.8941,1.0,253.9996338,111,121.8170066,109,0
666,1971,160927.9133,384600.2993,1.0,261.4992371,111,121.8170066,109,0
668,1978,159665.5653,381237.0692,1.0,330.4205322,77,110.1706551,64,0
669,1981,160015.7228,381601.8402,1.0,329.3500061,77,110.1706551,64,0
670,1983,163037.9439,382549.2898,1.0,322.3152466,207,197.6820818,190,0
674,1992,161223.2409,385711.8642,1.0,278.777771,207,197.6820818,190,0
678,2006,164118.7063,383558.2301,1.0,312.3544617,207,197.6820818,190,0
679,2010,160988.5166,386150.1502,1.0,268.3548279,111,121.8170066,109,0
680,2011,160403.8426,383955.4969,1.0,327.3092346,111,121.8170066,109,0
681,2016,161091.6447,384515.159,1.0,219.5,111,121.8170066,109,0
686,2031,161227.2104,384545.3645,1.0,260.2442322,111,121.8170066,109,0
687,2032,160086.4901,385211.7304,1.0,396.3200073,111,121.8170066,109,0
688,2034,159800.8936,384925.3267,1.0,188.1999969,111,121.8170066,109,0
693,2049,160758.6311,384748.1551,1.0,312.4057922,111,121.8170066,109,0
694,2051,164201.6056,383907.9231,1.0,321.7000122,207,197.6820818,190,0
696,2054,160513.7488,385667.3549,1.0,302.1000061,111,121.8170066,109,0
699,2063,162306.3808,387828.0537,1.0,346.2399902,207,197.6820818,190,0
702,2072,161144.1368,384388.5681,1.0,296.1781616,111,121.8170066,109,0
703,2075,161825.9815,382415.8537,1.0,325.1000061,207,197.6820818,190,0
704,2078,158980.9394,383735.8844,1.0,283.0790405,77,110.1706551,64,0
705,2079,162599.6928,380972.5233,1.0,351.5007019,207,197.6820818,190,0
706,2082,158343.4048,381280.7292,1.0,316.1842346,77,110.1706551,64,0
709,2089,160041.3387,381345.3538,1.0,250.0,77,110.1706551,64,0
710,2093,162106.0664,385730.6764,1.0,333.8800049,207,197.6820818,190,0
713,2098,159663.0817,383235.514,1.0,287.7683411,77,110.1706551,64,0
718,2105,160050.2831,385988.7489,1.0,289.3678589,111,121.8170066,109,0
720,2112,163110.7515,381694.4384,1.0,325.0,207,197.6820818,190,0
721,2116,163198.0761,381545.8334,1.0,309.5212402,207,197.6820818,190,0
722,2117,162487.5432,387430.2369,1.0,320.480011,207,197.6820818,190,0
723,2133,160659.699,386962.4475,1.0,282.2701111,111,121.8170066,109,0
724,2134,161092.2581,385486.2319,1.0,275.2999878,111,121.8170066,109,0
728,2146,161339.7695,387911.7916,1.0,312.4341736,207,197.6820818,190,0
729,2147,159798.053,381551.8921,1.0,310.611084,77,110.1706551,64,0
730,2151,160265.2689,384662.7158,1.0,239.4514313,111,121.8170066,109,0
732,2158,160595.6267,386804.5001,1.0,297.6000061,111,121.8170066,109,0
734,2168,158563.339,383898.6113,1.0,298.0943604,77,110.1706551,64,0
735,2171,160372.6753,385186.0352,1.0,295.3200073,111,121.8170066,109,0
736,2172,162147.6676,383091.3671,1.0,326.5540466,207,197.6820818,190,0
737,2174,163351.9735,382051.5871,1.0,296.0,207,197.6820818,190,0
738,2175,161461.498,387961.567,1.0,307.0713196,207,197.6820818,190,0
739,2176,159547.984,385076.746,1.0,191.3393555,111,121.8170066,109,0
741,2179,161678.7813,385680.1825,1.0,264.3999939,207,197.6820818,190,0
744,2193,161548.8598,387316.08,1.0,287.1269531,111,121.8170066,109,0
746,2205,160937.333,383938.2894,1.0,199.7442627,207,197.6820818,190,0
747,2216,161831.2869,383013.3753,1.0,321.0660095,207,197.6820818,190,0
748,2218,161950.5624,385860.8419,1.0,275.1000671,207,197.6820818,190,0
751,2223,160767.5861,386788.0473,1.0,270.2000122,111,121.8170066,109,0
753,2228,160262.9562,383535.2577,1.0,316.1841431,77,110.1706551,64,0
755,2231,160153.934,384690.3584,1.0,249.5860443,111,121.8170066,109,0
756,2232,163453.8515,382236.4196,1.0,292.680481,207,197.6820818,190,0
757,2234,159655.9519,380915.5605,1.0,276.4309998,77,110.1706551,64,0
759,2239,158982.9344,383627.3827,1.0,282.5605774,77,110.1706551,64,0
762,2246,160923.4327,386692.4562,1.0,246.7076263,111,121.8170066,109,0
763,2253,163421.924,381979.0212,1.0,318.2955933,207,197.6820818,190,0
764,2254,162904.3235,387642.1009,1.0,319.5452576,207,197.6820818,190,0
766,2265,161725.8342,385050.2711,1.0,286.0669556,207,197.6820818,190,0
767,2266,163226.1037,383176.4259,1.0,280.6400146,207,197.6820818,190,0
769,2268,162804.0251,381613.5172,1.0,307.2999878,207,197.6820818,190,0
771,2274,160007.3153,382006.9818,1.0,271.764801,77,110.1706551,64,0
772,2277,161563.2383,386229.7428,1.0,326.9599915,207,197.6820818,190,0
776,2283,160210.8535,385942.0961,1.0,273.3169861,111,121.8170066,109,0
778,2289,159373.0828,380985.6724,1.0,312.7399902,77,110.1706551,64,0
779,2296,162547.1639,387525.3098,1.0,307.3334351,207,197.6820818,190,0
780,2301,163563.9916,382788.453,1.0,315.2581482,207,197.6820818,190,0
781,2310,161166.6267,385355.5174,1.0,283.0366211,111,121.8170066,109,0
783,2314,160656.7466,385997.852,1.0,274.7714539,111,121.8170066,109,0
786,2320,160543.3081,381092.4048,1.0,354.0813904,77,110.1706551,64,0
789,2326,159941.3949,388001.773,1.0,321.6446838,207,197.6820818,190,0
790,2328,158839.319,383519.2957,1.0,266.7080078,77,110.1706551,64,0
792,2330,160722.2936,381228.6146,1.0,344.8692932,207,197.6820818,190,0
794,2339,159354.0273,384223.4387,1.0,302.5041199,77,110.1706551,64,0
799,2359,161879.0374,382826.4873,1.0,271.480011,207,197.6820818,190,0
800,2366,161276.0308,383586.8338,1.0,263.2857971,111,121.8170066,109,0
801,2368,159173.3637,383050.9993,1.0,284.1618347,77,110.1706551,64,0
802,2373,160405.1746,386246.6849,1.0,254.2352448,111,121.8170066,109,0
809,2395,163427.6255,381056.8775,1.0,321.5648499,207,197.6820818,190,0
810,2396,158727.8143,383788.0126,1.0,239.1999969,77,110.1706551,64,0
816,2421,163332.9108,382935.4982,1.0,323.9312134,207,197.6820818,190,0
817,2422,163718.9582,383271.0705,1.0,283.4400024,207,197.6820818,190,0
819,2427,162652.0346,387882.9962,1.0,336.1629333,207,197.6820818,190,0
820,2429,160883.5963,385367.6479,1.0,297.9200134,111,121.8170066,109,0
822,2435,162987.964,383619.1247,1.0,383.9899902,207,197.6820818,190,0
823,2437,161992.0262,385705.1505,1.0,263.2000122,207,197.6820818,190,0
824,2446,160942.1264,386550.3784,1.0,312.9095764,111,121.8170066,109,0
829,2464,160762.2933,385619.4915,1.0,278.8999939,111,121.8170066,109,0
831,2471,161071.7051,384145.8456,1.0,338.5475464,207,197.6820818,190,0
832,2473,158272.4684,383476.3278,1.0,304.9398499,77,110.1706551,64,0
833,2474,163265.4959,384173.4018,1.0,314.9998474,207,197.6820818,190,0
835,2479,162553.5943,383347.9859,1.0,303.1109924,207,197.6820818,190,0
836,2481,163076.5301,382305.2668,1.0,262.3999939,207,197.6820818,190,0
837,2483,159322.0967,380881.5508,1.0,296.980011,77,110.1706551,64,0
839,2487,159774.0148,384547.2421,1.0,258.2162476,77,110.1706551,64,0
845,2502,164068.7153,383907.8047,1.0,300.8457947,207,197.6820818,190,0
847,2505,161225.5677,387339.3482,1.0,286.8396912,207,197.6820818,190,0
853,2519,161875.4315,385091.8121,1.0,148.2698975,207,197.6820818,190,0
854,2526,162923.2576,382423.8451,1.0,362.6477661,207,197.6820818,190,0
858,2535,158107.9996,383755.8082,1.0,287.1348267,77,110.1706551,64,0
859,2537,160784.9578,386442.7127,1.0,259.2246094,111,121.8170066,109,0
860,2538,163648.0906,383525.2838,1.0,270.374054,207,197.6820818,190,0
862,2541,163059.7049,383270.3302,1.0,246.8448944,207,197.6820818,190,0
865,2549,160502.9339,387437.5634,1.0,301.9923096,111,121.8170066,109,0
866,2553,161822.594,385936.6671,1.0,275.8677368,207,197.6820818,190,0
868,2555,161301.8994,383753.4315,1.0,298.9186707,207,197.6820818,190,0
871,2565,157856.7159,383885.5023,1.0,361.5036011,77,110.1706551,64,0
877,2572,161700.9374,384905.0972,1.0,275.5416565,207,197.6820818,190,0
880,2579,160472.8376,385773.5639,1.0,296.9859619,111,121.8170066,109,0
887,2607,161942.1222,381939.8226,1.0,282.8829651,207,197.6820818,190,0
888,2610,163199.7738,384008.8843,1.0,273.6556396,207,197.6820818,190,0
889,2612,161956.8969,385196.3357,1.0,148.9851685,207,197.6820818,190,0
890,2613,160257.7543,381501.9807,1.0,298.8033142,77,110.1706551,64,0
894,2620,161067.2336,384652.2501,1.0,264.125824,111,121.8170066,109,0
896,2625,163333.6258,383564.5265,1.0,366.3200073,207,197.6820818,190,0
898,2633,164059.4618,384085.9944,1.0,337.382019,207,197.6820818,190,0
900,2635,160395.1264,384234.9873,1.0,210.1875458,111,121.8170066,109,0
901,2639,163140.4869,382470.6616,1.0,306.4284668,207,197.6820818,190,0
904,2647,162173.9797,381876.374,1.0,288.8912964,207,197.6820818,190,0
906,2655,160257.0602,381246.6783,1.0,313.0722351,77,110.1706551,64,0
907,2657,162121.2556,382791.7323,1.0,331.3110962,207,197.6820818,190,0
908,2661,161522.397,386983.9603,1.0,334.9599915,111,121.8170066,109,0
910,2663,161879.2226,387347.9164,1.0,326.3186035,111,121.8170066,109,0
912,2671,160303.4616,385268.575,1.0,286.9599915,111,121.8170066,109,0
914,2679,161367.5142,383370.7436,1.0,299.719635,111,121.8170066,109,0
916,2683,160542.1676,384581.1102,1.0,324.1048584,111,121.8170066,109,0
917,2687,160128.987,381461.8056,1.0,282.8022461,77,110.1706551,64,0
919,2690,159675.9363,384867.7484,1.0,198.0264435,111,121.8170066,109,0
920,2691,163223.7247,382227.8502,1.0,299.019989,207,197.6820818,190,0
921,2695,160268.5222,382213.9277,1.0,279.0799866,77,110.1706551,64,0
922,2696,162359.2072,381040.112,1.0,311.1700134,207,197.6820818,190,0
925,2703,159660.0943,381567.7516,1.0,243.411499,77,110.1706551,64,0
927,2705,160831.4369,384333.7956,1.0,273.6203308,111,121.8170066,109,0
929,2712,163064.9768,384073.8886,1.0,213.051712,207,197.6820818,190,0
930,2713,160168.0553,382331.6466,1.0,248.8399963,77,110.1706551,64,0
931,2718,159818.768,381947.0733,1.0,233.16362,77,110.1706551,64,0
932,2719,160887.2033,385043.9608,1.0,118.0786209,111,121.8170066,109,0
933,2724,159660.361,384456.5274,1.0,305.3969727,77,110.1706551,64,0
934,2727,160728.803,387555.1117,1.0,352.0757141,207,197.6820818,190,0
936,2731,161370.498,384309.9521,1.0,338.8399963,207,197.6820818,190,0
938,2735,158124.1984,380896.0462,1.0,386.1593628,77,110.1706551,64,0
941,2742,160189.7157,384295.408,1.0,278.1509094,111,121.8170066,109,0
942,2746,160101.8859,386939.9311,1.0,323.4884644,111,121.8170066,109,0
944,2751,161385.3276,383550.8705,1.0,243.6908112,111,121.8170066,109,0
945,2752,160226.3862,387753.3979,1.0,314.2995605,207,197.6820818,190,0
946,2754,158637.318,380999.0299,1.0,329.7565308,77,110.1706551,64,0
951,2768,159123.1053,380872.9416,1.0,330.7026367,77,110.1706551,64,0
953,2774,162954.8543,381051.662,1.0,274.0,207,197.6820818,190,0
958,2787,159555.4842,381886.7806,1.0,304.5541687,77,110.1706551,64,0
960,2796,161596.9021,385304.5012,1.0,360.4197083,207,197.6820818,190,0
961,2797,159953.4761,381033.2515,1.0,314.1237488,77,110.1706551,64,0
963,2799,161214.5964,387581.5559,1.0,333.9500122,207,197.6820818,190,0
966,2807,159138.2768,381375.6535,1.0,308.0273743,77,110.1706551,64,0
971,2838,160754.4223,384859.4414,1.0,237.7900696,111,121.8170066,109,0
972,2845,159475.2416,383234.1073,1.0,319.9349976,77,110.1706551,64,0
973,2847,162818.2703,383300.6637,1.0,304.2000122,207,197.6820818,190,0
974,2849,160368.9593,386061.7574,1.0,276.9037476,111,121.8170066,109,0
975,2852,163499.1458,381233.4237,1.0,299.4400024,207,197.6820818,190,0
976,2853,158434.7656,383535.6242,1.0,267.9031067,77,110.1706551,64,0
977,2854,160194.1431,387005.579,1.0,242.0,111,121.8170066,109,0
979,2857,160813.1179,385791.7825,1.0,329.0400085,111,121.8170066,109,0
980,2859,161084.7989,384789.2709,1.0,251.4805603,111,121.8170066,109,0
981,2862,159811.4911,381049.4323,1.0,325.2984009,77,110.1706551,64,0
983,2865,159113.0959,383300.9069,1.0,331.3500061,77,110.1706551,64,0
985,2873,162156.6827,387745.5997,1.0,271.4189758,207,197.6820818,190,0
988,2879,161600.0019,388032.2152,1.0,262.0092773,207,197.6820818,190,0
989,2880,159545.3602,384662.6403,1.0,307.656189,111,121.8170066,109,0
990,2881,160332.7286,382344.9681,1.0,299.0175171,77,110.1706551,64,0
992,2893,161963.2122,386843.6109,1.0,280.0242004,207,197.6820818,190,0
993,2902,161819.3504,386865.4487,1.0,327.4200134,111,121.8170066,109,0
994,2908,160043.6407,382177.4302,1.0,235.9355316,77,110.1706551,64,0
997,2912,162602.5537,387659.2666,1.0,277.3312073,207,197.6820818,190,0
998,2916,161793.5019,381765.1026,1.0,340.6968689,207,197.6820818,190,0
999,2917,160238.7593,386907.6059,1.0,226.8473969,111,121.8170066,109,0
1000,2921,160082.0684,387705.0181,1.0,333.3999939,207,197.6820818,190,0
1001,2923,159046.557,383445.4235,1.0,236.0,77,110.1706551,64,0
1004,2929,159934.0225,385500.9373,1.0,325.7990112,111,121.8170066,109,0
1010,2946,160278.4905,386130.6292,1.0,251.4799957,111,121.8170066,109,0
1012,2951,160089.8329,383855.0289,1.0,264.1248474,111,121.8170066,109,0
1014,2953,162313.5409,381806.7457,1.0,355.7200012,207,197.6820818,190,0
1018,2961,159905.7219,384138.0942,1.0,408.202301,111,121.8170066,109,0
1021,2971,161165.7286,384707.3446,1.0,249.9199982,111,121.8170066,109,0
1026,2987,161297.2297,384448.1656,1.0,309.3616333,207,197.6820818,190,0
1027,2989,161570.0992,385724.6263,1.0,298.980011,207,197.6820818,190,0
1028,3001,163023.53,381144.61,1.0,330.8902588,207,197.6820818,190,0
1031,3005,161820.6226,385277.5316,1.0,279.8875427,207,197.6820818,190,0
1032,3014,160375.7798,382222.2246,1.0,311.019989,77,110.1706551,64,0
1036,3028,160721.9562,383770.6384,1.0,259.1463623,111,121.8170066,109,0
1039,3040,161985.2611,387003.6255,1.0,290.4743042,207,197.6820818,190,0
1042,3050,163956.527,383055.1147,1.0,280.9019165,207,197.6820818,190,0
1044,3053,157957.2033,381107.7953,1.0,142.9022675,77,110.1706551,64,0
1046,3057,159191.1014,383527.3314,1.0,242.0880127,77,110.1706551,64,0
1048,3072,163543.1229,383006.6338,1.0,291.793335,207,197.6820818,190,0
1049,3081,159883.1781,381689.1288,1.0,290.9194031,77,110.1706551,64,0
1052,3097,162319.0396,387334.7394,1.0,302.5272827,207,197.6820818,190,0
1055,3108,160400.8678,387106.8781,1.0,331.5992737,111,121.8170066,109,0
1057,3115,159612.6118,382161.8357,1.0,250.1900024,77,110.1706551,64,0
1058,3118,163644.0872,383342.7727,1.0,286.1403809,207,197.6820818,190,0
1059,3120,162076.8726,386884.7664,1.0,294.6359558,207,197.6820818,190,0
1061,3127,162927.5551,381660.0973,1.0,277.0450134,207,197.6820818,190,0
1062,3131,158559.9117,383317.8105,1.0,315.5929871,77,110.1706551,64,0
1063,3141,158447.9072,381270.1782,1.0,318.5627747,77,110.1706551,64,0
1069,3163,161258.8512,387993.3013,1.0,307.2082825,207,197.6820818,190,0
1070,3166,158836.0455,383759.7411,1.0,271.6112976,77,110.1706551,64,0
1074,3173,161172.0215,384107.5974,1.0,358.7000122,207,197.6820818,190,0
1078,3186,158725.8406,383971.2284,1.0,331.3999939,77,110.1706551,64,0
1079,3192,160835.71,387237.2226,1.0,321.7890015,207,197.6820818,190,0
1080,3193,161620.3947,386023.5993,1.0,299.1647339,207,197.6820818,190,0
1082,3198,160433.7573,382521.6983,1.0,303.8630066,77,110.1706551,64,0
1084,3204,160480.4322,384762.1535,1.0,336.7486572,111,121.8170066,109,0
1087,3216,160501.4816,386891.0926,1.0,315.3043518,111,121.8170066,109,0
1088,3217,160783.2797,385141.522,1.0,243.3479614,111,121.8170066,109,0
1091,3222,160385.5132,383540.4172,1.0,334.8613281,77,110.1706551,64,0
1093,3225,161264.437,385601.419,1.0,271.2817078,207,197.6820818,190,0
1094,3226,159799.3022,388048.3879,1.0,318.5690918,207,197.6820818,190,0
1095,3232,158929.3141,383851.6755,1.0,280.723999,77,110.1706551,64,0
1096,3233,164234.3835,383762.2969,1.0,333.4404602,207,197.6820818,190,0
1097,3235,160423.0014,385860.9184,1.0,299.1815186,111,121.8170066,109,0
1099,3239,160795.5766,384437.4761,1.0,251.5180206,111,121.8170066,109,0
1100,3240,159975.8997,385329.793,1.0,314.2600098,111,121.8170066,109,0
1103,3252,160598.7078,382753.7444,1.0,332.2501831,77,110.1706551,64,0
1104,3255,158288.7324,383678.5076,1.0,272.8399963,77,110.1706551,64,0
1105,3257,163212.9683,383633.469,1.0,335.8033752,207,197.6820818,190,0
1106,3261,162146.9257,385504.8278,1.0,339.9965515,207,197.6820818,190,0
1108,3268,159432.357,383509.4156,1.0,245.7170105,77,110.1706551,64,0
1109,3275,160780.289,385489.0206,1.0,314.2399292,111,121.8170066,109,0
1110,3278,159430.7211,385008.2042,1.0,264.9969482,111,121.8170066,109,0
1113,3285,163719.5081,383973.6738,1.0,274.7000122,207,197.6820818,190,0
1116,3293,159014.9424,384199.4195,1.0,323.4500122,77,110.1706551,64,0
1117,3297,163771.9508,383733.4185,1.0,319.9599915,207,197.6820818,190,0
1119,3302,159474.2417,381679.9619,1.0,255.3067474,77,110.1706551,64,0
1126,3321,158662.6014,383525.904,1.0,308.6799927,77,110.1706551,64,0
1127,3322,161457.0844,385638.2798,1.0,285.0299988,207,197.6820818,190,0
1130,3334,161982.0278,387273.1661,1.0,311.4163818,111,121.8170066,109,0
1131,3335,161571.2057,387580.5283,1.0,322.239563,207,197.6820818,190,0
1134,3347,161959.8072,387672.6798,1.0,307.585083,207,197.6820818,190,0
1135,3349,162523.5943,383182.5226,1.0,273.4944458,207,197.6820818,190,0
1136,3350,159781.5941,382254.3612,1.0,241.5735779,77,110.1706551,64,0
1137,3351,163024.2716,383003.7235,1.0,341.6890259,207,197.6820818,190,0
1139,3365,161048.5809,385179.8075,1.0,324.3320618,111,121.8170066,109,0
1141,3373,163378.4234,383929.4478,1.0,357.5670776,207,197.6820818,190,0
1144,3385,161667.7362,386115.0457,1.0,309.5799866,207,197.6820818,190,0
1145,3386,159745.5846,382436.6236,1.0,283.2689209,77,110.1706551,64,0
1146,3390,159924.1123,381540.5909,1.0,329.5387268,77,110.1706551,64,0
1147,3392,162504.3338,381463.0041,1.0,330.8837585,207,197.6820818,190,0
1148,3397,160054.0926,387284.9446,1.0,266.1599731,111,121.8170066,109,0
1149,3398,162381.0925,387426.8634,1.0,316.8800049,207,197.6820818,190,0
1151,3404,161572.342,383416.0461,1.0,333.2539063,207,197.6820818,190,0
1152,3405,161722.2372,387516.5264,1.0,312.382843,207,197.6820818,190,0
1154,3409,162183.1299,382676.1953,1.0,319.5932007,207,197.6820818,190,0
1155,3413,161829.9499,387108.1579,1.0,342.7999878,111,121.8170066,109,0
1156,3416,160184.8992,381645.8218,1.0,264.3069763,77,110.1706551,64,0
1157,3421,160650.2165,381365.5336,1.0,329.6219482,77,110.1706551,64,0
1159,3429,159160.0328,383976.2659,1.0,304.3042603,77,110.1706551,64,0
1160,3432,158577.0191,381410.3885,1.0,293.9564209,77,110.1706551,64,0
1161,3436,160928.8226,384417.5255,1.0,258.480011,111,121.8170066,109,0
1162,3438,160965.8205,384949.3112,1.0,202.2976685,111,121.8170066,109,0
1164,3443,157861.4217,383635.0697,1.0,263.1237793,77,110.1706551,64,0
1166,3449,160532.2432,383834.228,1.0,341.5935669,111,121.8170066,109,0
1168,3456,160924.1658,382774.4644,1.0,327.2799988,77,110.1706551,64,0
1169,3458,162073.4851,386225.2031,1.0,304.980011,207,197.6820818,190,0
1170,3459,162275.7683,381132.808,1.0,323.7200012,207,197.6820818,190,0
1172,3465,159310.2522,382904.55,1.0,321.8077698,77,110.1706551,64,0
1173,3466,160544.0663,385294.4517,1.0,331.6666565,111,121.8170066,109,0
1174,3467,162001.737,381637.2003,1.0,314.183136,207,197.6820818,190,0
1175,3468,162246.2513,380885.8237,1.0,332.7452698,207,197.6820818,190,0
1176,3469,161287.0441,384093.1323,1.0,354.7326965,207,197.6820818,190,0
1177,3479,159498.8106,383982.4219,1.0,331.5499878,77,110.1706551,64,0
1180,3486,160962.8712,382873.6788,1.0,303.6000061,77,110.1706551,64,0
1182,3490,162495.082,387835.16,1.0,250.4402618,207,197.6820818,190,0
1183,3496,163997.8213,383980.3599,1.0,281.2399902,207,197.6820818,190,0
1184,3498,162952.2891,383288.2413,1.0,292.2106628,207,197.6820818,190,0
1185,3500,160647.6142,387382.6042,1.0,322.0242615,111,121.8170066,109,0
1186,3502,161608.2267,387781.5778,1.0,322.6427307,207,197.6820818,190,0
1187,3504,160516.6015,384875.4357,1.0,256.0799866,111,121.8170066,109,0
1189,3508,159411.4174,381979.6753,1.0,275.5700073,77,110.1706551,64,0
1191,3513,161455.4373,384128.3634,1.0,376.2528687,207,197.6820818,190,0
1196,3527,159330.639,384085.6776,1.0,199.1882477,111,121.8170066,109,0
1197,3528,159963.9563,381756.3199,1.0,332.7477417,77,110.1706551,64,0
1198,3529,163370.6052,381406.0606,1.0,279.1600037,207,197.6820818,190,0
1199,3531,159066.7236,381231.1323,1.0,346.5003052,77,110.1706551,64,0
1201,3544,162756.1514,387359.5227,1.0,298.5341797,207,197.6820818,190,0
1204,3562,162876.5833,383218.3389,1.0,251.0599976,207,197.6820818,190,0
1207,3569,163829.6667,383163.1322,1.0,266.5469971,207,197.6820818,190,0
1209,3578,160093.5881,381007.9182,1.0,295.1000061,77,110.1706551,64,0
1211,3580,160530.1306,381875.369,1.0,328.6168213,77,110.1706551,64,0
1213,3588,160790.9005,387645.4484,1.0,352.9448242,207,197.6820818,190,0
1214,3591,160787.1853,385271.7418,1.0,300.8477478,111,121.8170066,109,0
1215,3597,159990.8054,385045.1556,1.0,371.7772522,111,121.8170066,109,0
1216,3598,160311.3858,381057.0214,1.0,324.7330017,77,110.1706551,64,0
1217,3601,160856.4767,386909.6904,1.0,291.3165588,111,121.8170066,109,0
1220,3606,161327.3032,383135.9889,1.0,262.6404419,111,121.8170066,109,0
1223,3610,163470.2947,383367.9944,1.0,331.3196411,207,197.6820818,190,0
1229,3619,161283.1721,384229.0308,1.0,321.9421692,207,197.6820818,190,0
1230,3621,159155.363,381480.2382,1.0,282.7200012,77,110.1706551,64,0
1235,3644,163223.633,383026.2145,1.0,305.639679,207,197.6820818,190,0
1236,3646,160968.3462,385664.4486,1.0,294.688324,111,121.8170066,109,0
1237,3649,163940.4137,383421.3787,1.0,330.8274841,207,197.6820818,190,0
1239,3655,164107.0017,382870.7757,1.0,333.6581116,207,197.6820818,190,0
1240,3656,160497.2518,384460.3801,1.0,298.2053833,111,121.8170066,109,0
1242,3665,163537.2359,381976.6294,1.0,310.1000061,207,197.6820818,190,0
1243,3671,161335.6458,383897.3783,1.0,327.7720642,207,197.6820818,190,0
1246,3677,163339.1974,384083.5914,1.0,313.7493591,207,197.6820818,190,0
1247,3684,162617.3138,383093.07,1.0,320.9346008,207,197.6820818,190,0
1249,3695,163934.011,382811.3852,1.0,289.2157593,207,197.6820818,190,0
1250,3696,162434.1276,381851.611,1.0,350.2592163,207,197.6820818,190,0
1252,3707,160932.9289,387496.5045,1.0,323.6765747,207,197.6820818,190,0
1253,3713,158687.4653,381424.7417,1.0,338.3104553,77,110.1706551,64,0
1254,3717,163654.3317,383754.5291,1.0,315.3908691,207,197.6820818,190,0
1256,3721,158982.2631,383359.7915,1.0,297.8210449,77,110.1706551,64,0
1257,3730,158810.5231,383118.5541,1.0,350.9322815,77,110.1706551,64,0
1259,3737,159038.568,382901.0537,1.0,321.0690918,77,110.1706551,64,0
1261,3741,161096.7167,385031.0805,1.0,229.9514618,111,121.8170066,109,0
1263,3752,161863.6185,381843.2458,1.0,319.3205261,207,197.6820818,190,0
1265,3764,159660.4448,385224.5352,1.0,304.3200073,111,121.8170066,109,0
1266,3769,161446.2364,387471.9679,1.0,321.9935303,207,197.6820818,190,0
1267,3772,159717.8808,384765.3793,1.0,211.670517,111,121.8170066,109,0
1268,3773,161312.6522,382911.9545,1.0,320.6600037,77,110.1706551,64,0
1269,3777,162036.8459,385551.4496,1.0,320.3430176,207,197.6820818,190,0
1272,3786,163688.3198,384089.3393,1.0,360.7223511,207,197.6820818,190,0
1277,3795,158172.7586,383467.2645,1.0,337.6000061,77,110.1706551,64,0
1279,3804,161192.7047,385079.9651,1.0,320.9616089,111,121.8170066,109,0
1280,3806,161092.7691,383938.3636,1.0,252.4233246,207,197.6820818,190,0
1282,3809,159249.1872,383691.5992,1.0,275.3111877,77,110.1706551,64,0
1283,3814,158835.7281,381014.0443,1.0,299.660675,77,110.1706551,64,0
1284,3815,160248.2766,384560.0306,1.0,273.1464844,111,121.8170066,109,0
1287,3819,162320.1059,387046.1969,1.0,311.8824158,207,197.6820818,190,0
1293,3833,161447.9424,383190.6021,1.0,309.2032776,111,121.8170066,109,0
1294,3835,161023.4877,387379.9432,1.0,274.6625671,207,197.6820818,190,0
1295,3841,163713.4348,381800.3198,1.0,312.7000122,207,197.6820818,190,0
1297,3844,162084.4136,382352.259,1.0,347.7598267,207,197.6820818,190,0
1299,3848,159201.6768,382933.6635,1.0,259.8128662,77,110.1706551,64,0
1301,3857,158218.2882,380935.3587,1.0,378.1664734,77,110.1706551,64,0
1305,3866,163087.9584,381950.702,1.0,315.1135864,207,197.6820818,190,0
1309,3877,158713.6515,383432.3027,1.0,293.5599976,77,110.1706551,64,0
1310,3879,162999.428,381572.0132,1.0,278.0,207,197.6820818,190,0
1311,3881,159561.8003,383166.9484,1.0,316.0398865,77,110.1706551,64,0
1313,3885,162978.3241,382267.6966,1.0,301.5343628,207,197.6820818,190,0
1315,3889,161822.7631,387639.6962,1.0,338.789917,207,197.6820818,190,0
1316,3890,161034.9924,385287.3979,1.0,309.0524292,111,121.8170066,109,0
1317,3893,161852.5307,386069.3901,1.0,250.4453583,207,197.6820818,190,0
1318,3894,159655.0965,381759.1206,1.0,224.4600067,77,110.1706551,64,0
1324,3905,160139.7815,385310.9063,1.0,258.6492615,111,121.8170066,109,0
1328,3923,159845.6567,385111.6705,1.0,292.2997131,111,121.8170066,109,0
1330,3934,158460.3465,381495.18,1.0,309.1042175,77,110.1706551,64,0
1331,3938,162342.1098,382855.2065,1.0,332.3995361,207,197.6820818,190,0
1332,3939,159315.7128,381254.1883,1.0,285.6879883,77,110.1706551,64,0
1333,3941,161541.2551,385522.4166,1.0,289.0743408,207,197.6820818,190,0
1335,3948,160715.4458,386113.7399,1.0,292.9148254,111,121.8170066,109,0
1336,3954,159330.6574,381630.9738,1.0,240.0754852,77,110.1706551,64,0
1338,3958,161568.8246,384084.0269,1.0,367.9511719,207,197.6820818,190,0
1339,3961,161165.3974,385950.2313,1.0,279.4308472,207,197.6820818,190,0
1340,3963,159729.5842,382546.7214,1.0,367.6777649,77,110.1706551,64,0
1344,3972,163499.4283,383260.617,1.0,282.5363464,207,197.6820818,190,0
1347,3979,159572.8063,381640.1631,1.0,227.9129944,77,110.1706551,64,0
1349,3982,161069.2395,384038.1712,1.0,329.7709045,207,197.6820818,190,0
1352,3990,163688.8932,382658.6917,1.0,325.4004517,207,197.6820818,190,0
1354,3998,159733.9385,381148.5825,1.0,256.2310486,77,110.1706551,64,0
1356,4006,158950.6933,383157.2121,1.0,337.5250549,77,110.1706551,64,0
1360,4015,160785.2696,384005.7642,1.0,236.0399933,111,121.8170066,109,0
1361,4017,161928.2079,387134.6244,1.0,321.4489441,111,121.8170066,109,0
1363,4022,159012.8289,383918.2136,1.0,300.5001831,77,110.1706551,64,0
1367,4031,158499.3508,381164.4689,1.0,340.5993958,77,110.1706551,64,0
1368,4032,160828.5708,386660.0818,1.0,255.1990967,111,121.8170066,109,0
1369,4038,160952.9376,384738.3683,1.0,245.6399994,111,121.8170066,109,0
1370,4042,162852.042,387810.4068,1.0,317.3000488,207,197.6820818,190,0
1371,4046,163113.269,382181.6444,1.0,304.6400146,207,197.6820818,190,0
1372,4047,160215.9077,381343.6645,1.0,277.3169861,77,110.1706551,64,0
1373,4052,160987.9511,384506.1333,1.0,209.8800049,111,121.8170066,109,0
1375,4060,162025.8345,387750.6296,1.0,337.3302917,207,197.6820818,190,0
1378,4082,160679.9058,385337.1843,1.0,286.1130981,111,121.8170066,109,0
1380,4084,158744.7403,380952.5625,1.0,326.5993042,77,110.1706551,64,0
1381,4085,159705.2437,381034.4314,1.0,278.1661987,77,110.1706551,64,0
1382,4086,160192.0842,384472.1137,1.0,276.1977539,111,121.8170066,109,0
1383,4090,159494.5494,381415.4256,1.0,294.1499939,77,110.1706551,64,0
1390,4111,163719.3825,382175.2313,1.0,295.1400146,207,197.6820818,190,0
1391,4117,163157.6748,384179.0253,1.0,186.6880188,207,197.6820818,190,0
1395,4132,161660.4288,387292.2581,1.0,287.2000122,111,121.8170066,109,0
1396,4134,161951.4831,386222.0377,1.0,275.155426,207,197.6820818,190,0
1397,4137,161346.4374,387518.7201,1.0,307.4537048,207,197.6820818,190,0
1398,4138,162026.8248,381994.8321,1.0,343.5031433,207,197.6820818,190,0
1399,4139,161435.4138,387840.2603,1.0,320.5640869,207,197.6820818,190,0
1402,4146,161458.2068,383903.9003,1.0,355.4472656,207,197.6820818,190,0
1403,4147,160118.2584,381108.3605,1.0,306.3599854,77,110.1706551,64,0
1406,4163,158791.734,381126.6086,1.0,329.3269348,77,110.1706551,64,0
1407,4166,163704.2511,383076.7478,1.0,254.3099365,207,197.6820818,190,0
1408,4167,157993.7348,381628.3993,1.0,316.3268127,77,110.1706551,64,0
1409,4174,160871.815,383486.1329,1.0,294.4371643,111,121.8170066,109,0
1410,4177,160843.975,382874.1414,1.0,249.4187775,77,110.1706551,64,0
1411,4178,161750.9023,385149.2502,1.0,281.008606,207,197.6820818,190,0
1412,4182,162714.1204,388022.427,1.0,324.2200012,207,197.6820818,190,0
1414,4192,160109.3244,381966.6392,1.0,332.5330505,77,110.1706551,64,0
1415,4195,157673.0419,383913.9005,1.0,411.4150085,111,121.8170066,109,0
1416,4200,163237.4589,383488.4505,1.0,262.7999878,207,197.6820818,190,0
1417,4204,162546.3303,381302.36,1.0,320.4207764,207,197.6820818,190,0
1420,4213,159412.2797,383093.0107,1.0,296.0657349,77,110.1706551,64,0
1421,4215,160420.312,384387.828,1.0,301.0,111,121.8170066,109,0
1422,4219,161750.8044,386776.9064,1.0,318.9150085,111,121.8170066,109,0
1423,4220,161435.5146,386861.8101,1.0,338.4100037,111,121.8170066,109,0
1426,4241,163459.4619,382912.4965,1.0,319.299408,207,197.6820818,190,0
1427,4242,159158.749,383631.2547,1.0,265.3025513,77,110.1706551,64,0
1428,4246,158219.6549,381187.4825,1.0,329.8735352,77,110.1706551,64,0
1429,4247,160619.537,387571.1131,1.0,335.2200012,207,197.6820818,190,0
1430,4249,159962.7667,383391.1014,1.0,318.9200134,77,110.1706551,64,0
1431,4250,159853.6409,384346.4253,1.0,308.8129272,111,121.8170066,109,0
1433,4252,159869.8933,382094.8061,1.0,235.6994934,77,110.1706551,64,0
1435,4256,160719.1886,384217.6788,1.0,269.4502869,111,121.8170066,109,0
1436,4258,163109.7332,381070.6099,1.0,338.1123657,207,197.6820818,190,0
1437,4261,160077.4718,381203.7824,1.0,282.7399902,77,110.1706551,64,0
1442,4273,159029.4279,383058.8858,1.0,307.9459229,77,110.1706551,64,0
1443,4275,159435.8629,381182.9157,1.0,325.6570129,77,110.1706551,64,0
1449,4284,159746.4033,385037.5683,1.0,245.081192,111,121.8170066,109,0
1450,4289,159758.3599,381718.7591,1.0,228.8379974,77,110.1706551,64,0
1452,4294,159524.8663,385245.5998,1.0,337.5565796,111,121.8170066,109,0
1454,4302,161817.8319,383387.2028,1.0,327.9599915,207,197.6820818,190,0
1455,4304,160333.4639,382448.7568,1.0,288.3902588,77,110.1706551,64,0
1459,4314,162233.8881,387222.2437,1.0,297.96875,207,197.6820818,190,0
1460,4315,163465.0416,382090.3464,1.0,282.4674683,207,197.6820818,190,0
1462,4317,159907.1035,381871.0185,1.0,310.0,77,110.1706551,64,0
1463,4318,160285.0585,384885.88,1.0,309.7998962,111,121.8170066,109,0
1464,4320,160166.8809,386033.4907,1.0,283.0,111,121.8170066,109,0
1465,4322,161294.4673,385004.2912,1.0,320.2588806,207,197.6820818,190,0
1467,4326,161727.0192,385989.8131,1.0,286.1600037,207,197.6820818,190,0
1468,4330,164025.4694,383721.9156,1.0,324.4235229,207,197.6820818,190,0
1470,4333,160256.5642,382065.7936,1.0,306.6360168,77,110.1706551,64,0
1473,4346,161214.6966,385838.3203,1.0,342.8074951,207,197.6820818,190,0
1475,4348,160498.1257,386028.2841,1.0,262.7028503,111,121.8170066,109,0
1477,4351,160392.9222,384931.1349,1.0,322.2950134,111,121.8170066,109,0
1478,4355,160887.2867,386789.7803,1.0,231.4801331,111,121.8170066,109,0
1481,4360,162809.9028,387705.8802,1.0,317.3999939,207,197.6820818,190,0
1484,4365,159453.9048,381834.1152,1.0,306.0286865,77,110.1706551,64,0
1485,4368,159407.1144,384522.153,1.0,351.4016418,77,110.1706551,64,0
1487,4376,161317.5695,383018.207,1.0,319.1409302,77,110.1706551,64,0
1489,4381,162473.9044,380854.0075,1.0,238.6869965,207,197.6820818,190,0
1490,4387,163326.8425,383678.9473,1.0,334.0400085,207,197.6820818,190,0
1493,4399,161154.9758,384215.6525,1.0,272.8623962,207,197.6820818,190,0
1494,4400,160640.1332,383620.995,1.0,357.9191284,111,121.8170066,109,0
1495,4405,162020.4168,382874.5401,1.0,329.1199951,207,197.6820818,190,0
1500,4427,163097.9431,383399.0292,1.0,309.2999878,207,197.6820818,190,0
1503,4431,160021.969,382297.2442,1.0,244.2997284,77,110.1706551,64,0
1504,4433,160607.6371,384979.0711,1.0,324.7000122,111,121.8170066,109,0
1506,4446,161256.7936,385297.8826,1.0,293.7936401,207,197.6820818,190,0
1509,4451,160401.032,385632.5809,1.0,316.5599976,111,121.8170066,109,0
1510,4452,162565.184,381709.781,1.0,360.1600037,207,197.6820818,190,0
1511,4455,161450.4933,385278.0313,1.0,329.1420898,207,197.6820818,190,0
1513,4462,161973.4074,381738.902,1.0,336.2319946,207,197.6820818,190,0
1515,4466,158998.728,381022.5234,1.0,328.0317993,77,110.1706551,64,0
1518,4472,162035.1905,382249.5066,1.0,323.3752136,207,197.6820818,190,0
1521,4475,160647.6394,386222.2793,1.0,246.6494598,111,121.8170066,109,0
1522,4478,160188.2002,386804.9318,1.0,328.2799988,111,121.8170066,109,0
1523,4481,163805.3393,382781.2388,1.0,279.8665161,207,197.6820818,190,0
1525,4496,160859.4018,384913.1015,1.0,139.5307007,111,121.8170066,109,0
1526,4500,160152.5688,382102.4638,1.0,265.7850952,77,110.1706551,64,0
1529,4510,160237.4913,381128.0754,1.0,322.2940674,77,110.1706551,64,0
1530,4514,162349.4494,385398.9249,1.0,348.3038025,207,197.6820818,190,0
1531,4516,159914.3402,381256.6163,1.0,274.8649902,77,110.1706551,64,0
1534,4524,159189.7562,381288.2693,1.0,275.7608948,77,110.1706551,64,0
1536,4527,161350.9589,385115.2076,1.0,359.0767212,207,197.6820818,190,0
1537,4528,163987.4222,382959.939,1.0,280.1099854,207,197.6820818,190,0
1539,4543,160071.857,387036.4913,1.0,297.8909912,111,121.8170066,109,0
1540,4544,163728.5199,383853.179,1.0,338.7407227,207,197.6820818,190,0
1541,4547,157692.6576,383438.4764,1.0,345.8745422,77,110.1706551,64,0
1542,4553,161560.1115,385399.4659,1.0,338.8842468,207,197.6820818,190,0
1543,4556,161512.4228,384942.0588,1.0,190.7987518,207,197.6820818,190,0
1546,4562,159955.0111,384576.7145,1.0,260.1967773,111,121.8170066,109,0
1549,4571,161694.1643,387963.8748,1.0,309.5991211,207,197.6820818,190,0
1550,4575,159121.5253,381620.8018,1.0,340.3696594,77,110.1706551,64,0
1551,4579,163807.7444,383065.3822,1.0,245.2980194,207,197.6820818,190,0
1552,4590,161047.3999,385394.4424,1.0,283.027832,111,121.8170066,109,0
1553,4593,159217.6139,382806.3249,1.0,308.3728943,77,110.1706551,64,0
1554,4594,164056.9052,383446.5159,1.0,349.0,207,197.6820818,190,0
1557,4606,160473.5485,385554.2882,1.0,339.3710022,111,121.8170066,109,0
1560,4618,161092.3303,383721.4578,1.0,316.4906311,207,197.6820818,190,0
1561,4619,160847.4617,383731.6722,1.0,292.4216003,207,197.6820818,190,0
1562,4622,159277.7632,381387.8462,1.0,305.7600098,77,110.1706551,64,0
1566,4642,162454.4145,381726.0987,1.0,293.5684814,207,197.6820818,190,0
1567,4644,162088.1897,387410.0074,1.0,270.0942383,207,197.6820818,190,0
1568,4645,158502.7029,383195.19,1.0,352.3999939,77,110.1706551,64,0
1572,4655,162955.6389,384118.6758,1.0,308.8737488,207,197.6820818,190,0
1573,4659,161904.9727,385616.5747,1.0,278.0400085,207,197.6820818,190,0
1575,4663,160679.88,385785.6869,1.0,237.6199951,111,121.8170066,109,0
1579,4673,160857.8026,384687.9946,1.0,251.5179443,111,121.8170066,109,0
1580,4675,160830.5744,387528.8309,1.0,324.6015625,207,197.6820818,190,0
1581,4678,160798.4008,386178.5816,1.0,305.1894226,111,121.8170066,109,0
1582,4679,160402.0408,384083.0376,1.0,275.7999878,111,121.8170066,109,0
1586,4692,161506.6311,381079.4662,1.0,330.5586548,207,197.6820818,190,0
1590,4710,158401.1034,383831.3579,1.0,238.0399933,77,110.1706551,64,0
1592,4715,160459.203,387591.7146,1.0,339.6153259,207,197.6820818,190,0
1594,4719,163194.7943,383764.1474,1.0,367.2000122,207,197.6820818,190,0
1597,4724,160431.1909,386143.8796,1.0,278.3441162,111,121.8170066,109,0
1598,4727,158622.2817,383697.458,1.0,279.9967957,77,110.1706551,64,0
1599,4729,164391.9739,384127.8855,1.0,307.4804993,207,197.6820818,190,0
1600,4732,159690.3213,383339.341,1.0,333.8692627,77,110.1706551,64,0
1606,4751,158803.4166,383872.7989,1.0,300.3110962,77,110.1706551,64,0
1607,4752,159265.0094,384441.7099,1.0,279.5537109,77,110.1706551,64,0
1609,4758,160879.7508,385563.2051,1.0,275.2929993,111,121.8170066,109,0
1610,4760,161579.1741,383919.5341,1.0,375.1328125,207,197.6820818,190,0
1615,4774,161366.351,385841.4645,1.0,308.7501526,207,197.6820818,190,0
1617,4780,160297.575,387824.3247,1.0,278.9128418,207,197.6820818,190,0
1618,4782,163204.5045,382909.8138,1.0,328.9765625,207,197.6820818,190,0
1619,4787,162888.5641,382070.228,1.0,306.2410583,207,197.6820818,190,0
1620,4788,156880.3417,383489.1847,1.0,400.7601013,77,110.1706551,64,0
1621,4789,161682.0768,385826.4402,1.0,271.2399902,207,197.6820818,190,0
1622,4798,160471.1041,381337.1345,1.0,250.763504,77,110.1706551,64,0
1623,4799,160618.7755,381259.7442,1.0,301.6940613,77,110.1706551,64,0
1624,4802,160575.1615,384381.6589,1.0,268.4002686,111,121.8170066,109,0
1625,4803,163434.3623,383477.3293,1.0,329.1600037,207,197.6820818,190,0
1627,4816,162374.1635,387169.8309,1.0,297.3999939,207,197.6820818,190,0
1630,4822,161513.0012,386025.146,1.0,321.6500244,207,197.6820818,190,0
1633,4830,161042.4981,382941.3214,1.0,335.3395996,77,110.1706551,64,0
1634,4835,159298.3902,383037.0496,1.0,272.4182129,77,110.1706551,64,0
1635,4836,161348.411,387402.3294,1.0,277.4996948,207,197.6820818,190,0
1640,4855,160491.847,386309.8555,1.0,307.8999939,111,121.8170066,109,0
1643,4862,158510.8903,383616.2973,1.0,281.6055908,77,110.1706551,64,0
1644,4863,160508.8226,381523.599,1.0,272.3364563,77,110.1706551,64,0
1645,4865,159898.6888,382240.4487,1.0,239.4224548,77,110.1706551,64,0
1646,4871,161528.3866,387883.0198,1.0,309.7319641,207,197.6820818,190,0
1647,4874,160836.2831,384139.2969,1.0,255.8288422,207,197.6820818,190,0
1653,4888,159516.417,382216.8525,1.0,263.2421265,77,110.1706551,64,0
1654,4889,159965.6763,387432.041,1.0,319.2414856,111,121.8170066,109,0
1656,4894,157757.7976,383542.2743,1.0,305.330658,77,110.1706551,64,0
1657,4896,160214.7528,381005.0819,1.0,321.4599915,77,110.1706551,64,0
1659,4899,160084.9676,385395.0928,1.0,266.1000061,111,121.8170066,109,0
1661,4901,164287.4498,384134.6776,1.0,340.4447937,207,197.6820818,190,0
1662,4902,160132.5796,382493.6134,1.0,303.6807861,77,110.1706551,64,0
1663,4903,158699.559,380703.7913,1.0,335.3999939,77,110.1706551,64,0
1664,4904,162069.1476,386042.2594,1.0,292.8389587,207,197.6820818,190,0
1665,4905,162450.3906,381116.8652,1.0,319.0419922,207,197.6820818,190,0
1667,4912,160491.9615,381215.8786,1.0,300.8720093,77,110.1706551,64,0
1669,4916,158940.5249,382929.2278,1.0,338.9518433,77,110.1706551,64,0
1671,4919,160840.4816,384546.7805,1.0,284.0,111,121.8170066,109,0
1675,4932,163058.7691,384215.3347,1.0,70.87774658,207,197.6820818,190,0
1676,4937,161300.6931,385430.2135,1.0,267.2399902,207,197.6820818,190,0
1678,4942,160240.6054,385511.2536,1.0,260.4960632,111,121.8170066,109,0
1679,4945,160861.4365,385685.5836,1.0,294.3999939,111,121.8170066,109,0
1682,4951,161695.549,388074.2004,1.0,298.7999878,207,197.6820818,190,0
1683,4952,158339.1252,381397.3623,1.0,301.7912598,77,110.1706551,64,0
1684,4954,163607.424,382922.35,1.0,284.4269104,207,197.6820818,190,0
1688,4967,162099.7565,387949.5853,1.0,330.4436646,207,197.6820818,190,0
1689,4968,161205.2079,383885.0254,1.0,296.9534912,207,197.6820818,190,0
1691,4970,158075.648,383541.3132,1.0,339.4429932,77,110.1706551,64,0
1692,4971,158433.5582,383283.3972,1.0,307.6480103,77,110.1706551,64,0
1693,4973,159398.5507,383651.4327,1.0,227.3961792,77,110.1706551,64,0
1694,4974,159921.7328,387892.0743,1.0,308.6666565,207,197.6820818,190,0
1696,4976,161275.6825,387239.4913,1.0,303.1319885,207,197.6820818,190,0
1697,4978,160708.3977,384098.184,1.0,240.3000031,111,121.8170066,109,0
1699,4991,162584.6565,387761.0763,1.0,249.2247162,207,197.6820818,190,0
1700,4995,160289.9479,384244.7528,1.0,227.2885437,111,121.8170066,109,0
1701,4999,159730.9394,384323.2361,1.0,312.3108215,111,121.8170066,109,0
1704,5003,162047.5807,387612.194,1.0,289.6403198,207,197.6820818,190,0
1707,5012,161833.3142,381506.9749,1.0,328.6183167,207,197.6820818,190,0
1710,5016,160968.2457,384132.4713,1.0,321.3599854,207,197.6820818,190,0
1711,5018,161333.332,383276.0693,1.0,293.0938416,111,121.8170066,109,0
1715,5031,162165.3276,385137.6969,1.0,376.3954773,207,197.6820818,190,0
1717,5040,160605.1717,384792.2539,1.0,312.6000061,111,121.8170066,109,0
1720,5048,162529.5385,381804.6468,1.0,361.1600037,207,197.6820818,190,0
1721,5054,159834.6153,382508.4373,1.0,308.8176575,77,110.1706551,64,0
1722,5060,161013.4072,382725.9888,1.0,317.3399963,77,110.1706551,64,0
1723,5062,158955.9379,382826.2725,1.0,349.4370117,77,110.1706551,64,0
1725,5068,163645.4549,382006.7107,1.0,326.4184875,207,197.6820818,190,0
1727,5073,160331.8828,387031.6945,1.0,253.2256165,111,121.8170066,109,0
1728,5078,161070.3401,384927.3681,1.0,270.0531921,111,121.8170066,109,0
1729,5079,162750.6006,387818.6393,1.0,315.7437744,207,197.6820818,190,0
1731,5090,159161.9005,381189.2687,1.0,291.0400085,77,110.1706551,64,0
1732,5094,160776.4503,385383.1865,1.0,320.1910095,111,121.8170066,109,0
1733,5101,163102.7107,381510.6974,1.0,336.2000122,207,197.6820818,190,0
1734,5107,159559.6687,381500.9481,1.0,280.2919617,77,110.1706551,64,0
1738,5123,159574.5396,381028.8837,1.0,271.0799866,77,110.1706551,64,0
1740,5131,160048.2897,384953.62,1.0,360.7073364,111,121.8170066,109,0
1741,5133,161608.2604,384982.2233,1.0,273.6600037,207,197.6820818,190,0
1743,5141,159302.1342,383428.2401,1.0,318.2720337,77,110.1706551,64,0
1744,5145,159813.4504,384658.8658,1.0,218.8378906,111,121.8170066,109,0
1745,5146,162324.4301,387702.9698,1.0,307.7062683,207,197.6820818,190,0
1747,5159,161956.3214,387539.3096,1.0,296.3525085,207,197.6820818,190,0
1748,5164,162197.7482,381777.0384,1.0,292.5499878,207,197.6820818,190,0
1750,5167,159459.0317,384740.4504,1.0,342.4592896,111,121.8170066,109,0
1752,5172,159727.3379,381851.9923,1.0,232.1041718,77,110.1706551,64,0
1753,5173,159268.1602,384166.3413,1.0,284.3426208,77,110.1706551,64,0
1754,5174,158867.6846,383620.9597,1.0,274.6143188,77,110.1706551,64,0
1755,5175,164120.185,383307.3379,1.0,241.9199982,207,197.6820818,190,0
1756,5176,160916.2346,386447.7705,1.0,293.7258606,111,121.8170066,109,0
1758,5181,160741.4638,385884.8794,1.0,264.3418884,111,121.8170066,109,0
1759,5182,159280.4349,383140.5187,1.0,304.2440491,77,110.1706551,64,0
1761,5189,163617.5983,381885.4755,1.0,312.8000183,207,197.6820818,190,0
1762,5195,160447.931,385119.842,1.0,332.0417786,111,121.8170066,109,0
1766,5205,161283.4383,384884.2916,1.0,325.6575012,207,197.6820818,190,0
1770,5213,162725.3891,387517.1967,1.0,309.0599976,207,197.6820818,190,0
1773,5221,160437.3651,385299.9474,1.0,322.5284424,111,121.8170066,109,0
1775,5225,160069.4185,387466.2512,1.0,323.8802185,207,197.6820818,190,0
1776,5227,163395.6121,381252.3693,1.0,293.9678345,207,197.6820818,190,0
1777,5228,160761.3782,387005.6673,1.0,309.480011,111,121.8170066,109,0
1779,5232,163832.7984,383905.1404,1.0,293.6000061,207,197.6820818,190,0
1780,5233,160673.291,386413.2478,1.0,253.7715454,111,121.8170066,109,0
1781,5235,162151.8397,387145.774,1.0,279.721405,207,197.6820818,190,0
1782,5237,162358.1909,381673.7522,1.0,333.8770142,207,197.6820818,190,0
1783,5239,160477.2284,387716.5631,1.0,303.4599915,207,197.6820818,190,0
1785,5244,163242.7101,381442.2726,1.0,279.1504822,207,197.6820818,190,0
1787,5252,162755.9016,383135.6468,1.0,291.891449,207,197.6820818,190,0
1789,5260,158312.5868,383572.8001,1.0,284.1199951,77,110.1706551,64,0
1790,5262,163511.8768,383872.3695,1.0,368.7999878,207,197.6820818,190,0
1793,5270,159378.7984,381744.9407,1.0,238.3400116,77,110.1706551,64,0
1798,5280,160601.9979,386110.6918,1.0,252.880188,111,121.8170066,109,0
1799,5281,160365.9574,387898.5878,1.0,297.2993469,207,197.6820818,190,0
1804,5291,160398.4014,386820.9942,1.0,308.1499939,111,121.8170066,109,0
1805,5292,160624.5962,387202.4007,1.0,321.4058228,111,121.8170066,109,0
1806,5296,163825.0065,383394.7431,1.0,298.0,207,197.6820818,190,0
1807,5300,158561.2043,381535.2998,1.0,316.573822,77,110.1706551,64,0
1808,5304,160243.4473,387615.6861,1.0,333.5152893,207,197.6820818,190,0
1812,5316,161666.1843,385377.5135,1.0,302.2799988,207,197.6820818,190,0
1815,5328,161158.1698,385255.1763,1.0,294.2999878,111,121.8170066,109,0
1816,5330,159229.5784,384072.8502,1.0,285.9929199,77,110.1706551,64,0
1819,5349,160737.2828,383884.6319,1.0,285.0993042,111,121.8170066,109,0
1820,5350,160016.7326,387934.8184,1.0,332.505249,207,197.6820818,190,0
1823,5367,163123.4155,383058.551,1.0,303.5909424,207,197.6820818,190,0
1825,5374,163804.4515,383619.6909,1.0,320.8500061,207,197.6820818,190,0
1828,5381,159754.1579,383193.361,1.0,303.1650391,77,110.1706551,64,0
1829,5383,160740.1991,386888.779,1.0,268.189209,111,121.8170066,109,0
1831,5400,162798.7842,381513.5557,1.0,316.6000061,207,197.6820818,190,0
1832,5403,159602.6107,384744.8528,1.0,263.6104736,111,121.8170066,109,0
1833,5406,162620.8563,381370.5295,1.0,341.7000122,207,197.6820818,190,0
1834,5408,158965.479,383518.1281,1.0,281.6484375,77,110.1706551,64,0
1836,5417,160199.1996,382609.383,1.0,288.0,77,110.1706551,64,0
1839,5425,161827.9511,385700.1547,1.0,262.4963989,207,197.6820818,190,0
1840,5429,161724.9631,387754.7236,1.0,331.3651123,207,197.6820818,190,0
1841,5430,159444.3739,384274.8087,1.0,336.151123,77,110.1706551,64,0
1842,5433,158256.2291,381336.2167,1.0,315.25,77,110.1706551,64,0
1843,5443,157835.8983,380896.4939,1.0,341.8355408,77,110.1706551,64,0
1846,5452,160247.8917,385369.1147,1.0,260.0436707,111,121.8170066,109,0
1848,5454,159043.9533,383817.6916,1.0,288.6059265,77,110.1706551,64,0
1851,5460,161220.6096,383117.5427,1.0,300.7000122,77,110.1706551,64,0
1852,5464,163564.8094,383412.1064,1.0,301.3760071,207,197.6820818,190,0
1853,5472,163970.9597,383167.2273,1.0,301.7598267,207,197.6820818,190,0
1854,5477,159459.1284,381578.7651,1.0,270.0274963,77,110.1706551,64,0
1855,5478,158667.2287,383885.1155,1.0,291.7600098,77,110.1706551,64,0
1857,5481,159564.2827,384069.0469,1.0,313.1611938,111,121.8170066,109,0
1858,5484,158010.1857,381199.3278,1.0,257.8529663,77,110.1706551,64,0
1862,5493,160940.498,385175.6872,1.0,340.2083435,111,121.8170066,109,0
1863,5494,160343.4847,382572.2533,1.0,253.3996582,77,110.1706551,64,0
1864,5505,162356.7059,381197.1689,1.0,310.56604,207,197.6820818,190,0
1866,5521,161287.5582,387825.3264,1.0,313.8001404,207,197.6820818,190,0
1867,5522,163384.5923,382809.2566,1.0,328.3842163,207,197.6820818,190,0
1872,5537,159299.2648,381509.0343,1.0,255.6000061,77,110.1706551,64,0
1875,5540,160999.6086,386255.9533,1.0,296.3443909,111,121.8170066,109,0
1876,5544,161194.3602,385479.5171,1.0,271.8500061,111,121.8170066,109,0
1880,5557,159580.3248,380845.6685,1.0,324.4231262,77,110.1706551,64,0
1883,5562,163529.8018,383112.4988,1.0,294.6176453,207,197.6820818,190,0
1885,5564,157853.8779,381100.8468,1.0,203.0663757,77,110.1706551,64,0
1886,5566,159838.5144,381147.6522,1.0,306.9824524,77,110.1706551,64,0
1887,5567,160595.539,384042.9996,1.0,324.5835571,111,121.8170066,109,0
1889,5570,157753.2337,383355.0375,1.0,353.7752991,77,110.1706551,64,0
1892,5585,160634.0663,384488.7639,1.0,318.4665833,111,121.8170066,109,0
1894,5590,160470.2912,381618.1636,1.0,318.4399109,77,110.1706551,64,0
1895,5591,160902.0384,386201.4702,1.0,313.4926147,111,121.8170066,109,0
1896,5594,159740.154,385141.8851,1.0,283.3765869,111,121.8170066,109,0
1899,5608,162563.3376,387261.205,1.0,305.5136108,207,197.6820818,190,0
1900,5609,160560.5987,386999.1135,1.0,329.4416809,111,121.8170066,109,0
1901,5610,161867.5223,385414.3661,1.0,250.3343964,207,197.6820818,190,0
1902,5613,159717.5509,383703.1261,1.0,329.8999939,77,110.1706551,64,0
1904,5615,161056.7917,382836.5381,1.0,322.6000061,77,110.1706551,64,0
1905,5618,161037.7858,384418.6447,1.0,291.2529907,111,121.8170066,109,0
1909,5634,160935.0697,387224.3768,1.0,338.261322,207,197.6820818,190,0
1911,5639,157936.7944,380840.4377,1.0,400.2470093,77,110.1706551,64,0
1912,5641,159818.9975,381453.2607,1.0,299.5916443,77,110.1706551,64,0
1914,5653,159358.5569,381878.3458,1.0,286.0799866,77,110.1706551,64,0
1915,5655,159536.4795,385810.8914,1.0,449.0401306,111,121.8170066,109,0
1917,5663,159823.8381,386029.8587,1.0,339.6803284,111,121.8170066,109,0
1919,5674,161430.785,386755.8166,1.0,335.2799988,111,121.8170066,109,0
1921,5680,161370.8684,385568.7195,1.0,293.8181152,207,197.6820818,190,0
1923,5682,159892.3906,380951.4712,1.0,302.500061,77,110.1706551,64,0
1926,5695,160471.013,384652.7466,1.0,295.1940918,111,121.8170066,109,0
1930,5709,163897.4692,383993.435,1.0,345.1218262,207,197.6820818,190,0
1931,5710,160303.1991,386239.0754,1.0,247.003479,111,121.8170066,109,0
1932,5715,164333.7975,384045.8649,1.0,278.3049011,207,197.6820818,190,0
1933,5716,159660.2217,385934.4768,1.0,436.697113,111,121.8170066,109,0
1936,5725,157854.7292,383185.0524,1.0,392.5377808,77,110.1706551,64,0
1937,5729,161504.6621,384003.6237,1.0,367.7240906,207,197.6820818,190,0
1938,5735,162995.5215,383175.9567,1.0,249.8200073,207,197.6820818,190,0
1939,5737,160314.7427,384016.8358,1.0,314.5942993,111,121.8170066,109,0
1940,5738,159551.0781,381774.4269,1.0,315.2378235,77,110.1706551,64,0
1942,5741,162170.3513,388048.5855,1.0,291.4298706,207,197.6820818,190,0
1943,5747,161036.4233,387273.0084,1.0,279.5392761,207,197.6820818,190,0
1944,5748,160872.3346,384808.8326,1.0,193.8399963,111,121.8170066,109,0
1946,5753,158466.616,383944.3615,1.0,274.4755249,77,110.1706551,64,0
1950,5762,163106.6683,382078.0285,1.0,288.5,207,197.6820818,190,0
1951,5765,162489.1009,387730.4755,1.0,267.9200134,207,197.6820818,190,0
1952,5768,159810.5885,380841.1789,1.0,305.342865,77,110.1706551,64,0
1953,5771,159270.3582,383866.7991,1.0,258.5933533,77,110.1706551,64,0
1954,5778,161165.9202,384847.8817,1.0,289.868927,111,121.8170066,109,0
1958,5787,160118.0786,385900.2004,1.0,314.8999939,111,121.8170066,109,0
1960,5795,159656.2632,383478.3539,1.0,319.4221191,77,110.1706551,64,0
1961,5797,159970.4444,382100.1878,1.0,234.5466461,77,110.1706551,64,0
1962,5801,161615.9123,387089.796,1.0,335.8800049,111,121.8170066,109,0
1966,5805,161268.6986,386685.4487,1.0,280.2181702,111,121.8170066,109,0
1967,5806,158141.5016,383202.167,1.0,338.4998474,77,110.1706551,64,0
1968,5812,162057.7413,385818.7771,1.0,304.5339966,207,197.6820818,190,0
1969,5813,158208.1552,383372.6784,1.0,300.8800049,77,110.1706551,64,0
1970,5815,161030.9614,386720.515,1.0,293.0491333,111,121.8170066,109,0
1972,5818,162029.5191,385446.5172,1.0,271.234375,207,197.6820818,190,0
1975,5831,163242.3314,382668.0897,1.0,339.8471375,207,197.6820818,190,0
1977,5836,159087.6967,383544.0922,1.0,262.2772217,77,110.1706551,64,0
1979,5843,163608.3323,382243.1426,1.0,334.8284302,207,197.6820818,190,0
1981,5849,158739.2454,383202.5882,1.0,350.7296448,77,110.1706551,64,0
1982,5851,159621.1421,383951.5145,1.0,321.4183044,77,110.1706551,64,0
1985,5862,159495.1967,384574.9808,1.0,333.769165,111,121.8170066,109,0
1989,5872,162463.618,383269.9219,1.0,280.3603821,207,197.6820818,190,0
1992,5885,161894.6806,382925.6876,1.0,343.1975403,207,197.6820818,190,0
1993,5886,160419.6282,387378.9655,1.0,295.1099854,111,121.8170066,109,0
2001,5907,164026.2326,383615.625,1.0,334.230011,207,197.6820818,190,0
2003,5913,161419.4786,386549.6491,1.0,250.1483612,111,121.8170066,109,0
2004,5915,161144.1592,387502.8264,1.0,320.5533447,207,197.6820818,190,0
2005,5917,160035.5738,381502.2875,1.0,297.0100708,77,110.1706551,64,0
2006,5919,159479.9281,384916.5073,1.0,280.9387207,111,121.8170066,109,0
2009,5931,159245.9688,381703.0019,1.0,261.6811523,77,110.1706551,64,0
2012,5937,161584.7725,387220.6627,1.0,254.5,111,121.8170066,109,0
2013,5941,159367.1849,381095.5774,1.0,289.709198,77,110.1706551,64,0
2014,5943,160122.2244,381564.6238,1.0,274.8800049,77,110.1706551,64,0
2016,5949,161207.9072,383662.825,1.0,299.5942993,111,121.8170066,109,0
2017,5955,162657.1622,383319.1931,1.0,299.0921936,207,197.6820818,190,0
2018,5956,161731.6399,382955.6859,1.0,347.2799988,111,121.8170066,109,0
2019,5957,160578.3219,385754.6927,1.0,288.20578,111,121.8170066,109,0
2020,5959,161625.3994,385917.1921,1.0,290.1199951,207,197.6820818,190,0
2022,5973,161332.7672,387626.9488,1.0,323.9379883,207,197.6820818,190,0
2027,5989,160496.4608,386786.9415,1.0,289.5,111,121.8170066,109,0
2028,5990,161633.9427,387879.7736,1.0,308.0230103,207,197.6820818,190,0
2031,5997,163275.9948,383941.3251,1.0,325.1307068,207,197.6820818,190,0
2032,6000,161490.94,383559.1182,1.0,322.5411682,207,197.6820818,190,0
