ID_unque,DependeVar,Eating,GasStation,Hospital,CarRental,NSStation,BusTaxi,RoadNetwor,PowerNetwo,obsvalue
1,0,1280.0771914910526,1490.685021569675,4425.227399446187,2883.0626032332284,5074.089340555488,4246.057407790111,7.513825936210124,208.39825447749968,452
2,0,8593.221473312253,10152.877793583899,1054.9839467781574,1054.9839467781574,14438.223450017991,10464.52962323905,273.1058004979047,649.6330528594939,NA
3,0,NA,NA,NA,NA,NA,NA,22.364688324726323,65.67951496655773,25
4,0,828.2270191118789,0,4076.146323650651,265.7095765583713,3198.4164057100525,3985.1611251003346,16.59064783751972,9.933136055047463,904
5,0,981.4563767414843,1644.217457825622,6828.731728962385,3368.578933795706,5817.140611284808,3222.695216156087,1.661481233669293,246.2018817960501,11
6,0,1462.6320590183584,2578.6691427541286,8303.918760681916,3999.226269,7292.327643,3999.226269,18.235094219274846,307.34723488817355,NA
7,0,NA,NA,NA,NA,NA,NA,41.637538009666926,370.0227096490447,NA
8,0,477.68503560211576,2619.554822182682,2648.673293931612,2648.673293931612,5485.675520875207,7076.755851291797,21.78447510312538,123.60378049165608,1533
9,0,364.91461351827274,714.1250686638657,3676.0674717457714,3676.0674717457714,4514.193841374651,5513.288775107404,18.723166400440334,10.527817503945423,4980
10,0,376.5245782,1404.5903223695575,2924.7454238460145,1225.0415268539166,2419.4625345718123,705.0578984994359,1.764639858358493,25.246144727028042,5934
11,0,681.9832963738078,652.9325320003021,2869.1895472126084,1122.8879410643751,3049.8451694766118,2360.7748020975814,15.34008140158211,45.896336828873295,4302
12,0,446.2100839810114,360.4929896220316,4330.4820249615705,803.6055358522872,2056.042667901041,1174.2210369150507,1.202102535,28.793440092677383,3156
13,0,445.89696831568847,1581.4320355227683,4540.632274,1315.1169021882372,931.9426389383183,1931.0375726710704,2.444959155633523,123.3528043758547,1006
14,0,116.0719259406685,903.4633115504328,8075.962897713706,0,7064.371780036129,170.92018063682542,153.06783866293384,125.69810575788635,NA
15,0,795.5761688938484,0,4583.6005689664535,4583.6005689664535,5465.015983951966,6132.901525854593,50.33507975061356,109.81722901904926,8
16,0,203.87881563253893,1440.7629213191601,3810.8969298288844,1242.469579764156,1480.7964163295317,607.1143812013511,19.223398246018885,8.347075519232327,4669
17,0,480.16861157607116,849.5513300967942,3263.6994574577993,3263.6994574577993,4142.248709025064,5537.476957139141,21.89116353106345,103.47033643591841,6165
18,0,263.83480405592064,393.3530240649814,3290.3690047939485,754.1587288604081,2107.9756248953568,1610.050216374822,19.58418478783366,14.33696850148294,6159
19,0,408.50243852447375,934.1661171932689,4000.8388594983717,2919.347705,2753.732708894623,3752.8276426273756,10.543795922676512,55.48589819973452,5321
20,0,418.72308951421985,3415.575153186421,4939.306210280367,4441.262517930139,6879.026392,5233.326700838481,46.42991794488332,150.09060402990943,167
21,0,1698.7498230080676,1664.9568341676436,3545.035249781371,2199.7833923921967,2246.044141091408,3156.1388459700797,1.065331662579217,3.466553373725834,3156
22,0,0,1132.7528214548386,1787.054428825292,1398.1205093204435,2661.6730899410327,3426.3066104641853,5.745858907566117,4.789950019803206,3216
23,0,63.29012111232035,1066.2033664850092,3334.553826260568,3334.553826260568,4823.710194499288,5865.367072928546,2.279172699262159,98.54273581112676,4980
24,0,1894.4678910881391,2616.4939179173575,1000.7077342886748,3653.6121177848054,5801.675318692866,4099.488387876835,0.648378246,64.30740422695526,167
25,0,620.5374024914476,896.3129920956758,4731.006637027632,3945.489469328022,1986.7734704000732,3969.119423173388,5.053950011104981,8.268670682723121,4269
26,0,NA,NA,NA,NA,NA,NA,12.69970437227057,10.356327007356473,6715
27,0,512.2429228590547,566.1139876318421,2829.747659338578,2829.747659338578,4753.586695289968,5759.0386203425205,9.807185458441893,38.48843056514397,5778
28,0,1337.8464721604485,1066.716668032941,8029.120072706208,1453.918398101117,6530.206995913598,1320.184538064864,60.56015577732739,140.80230101387866,1161
29,0,821.0412376865041,996.7753015656842,4729.244076175692,4013.830337381901,1915.2890912538805,3945.3710609839845,18.496401604938686,91.14170794234063,4269
30,0,680.7416067786554,885.9295277699551,3158.2800019336873,3158.2800019336873,4685.998300480739,5685.093234213493,10.618397666960865,0.640488778,4363
31,0,170.88086522418962,1351.6721068684653,5466.082006038363,2773.662242538575,631.7592371926904,2495.212824965814,3.718874388704571,26.412203598508526,3582
32,0,767.4830746599263,425.61044908295327,4536.980627598044,299.4286587914571,3372.2303183045146,4445.995429047728,1.668563689952939,9.596699009,120
33,0,NA,NA,NA,NA,NA,NA,9.417785708623128,103.35703809948738,25
34,0,976.0835869,1581.6936793139014,4774.693655353614,1278.9367103791683,4628.384667748814,3115.2893940775034,68.94691403848572,65.15046213753367,2392
35,0,NA,NA,NA,NA,NA,NA,6.495327447,8.891174617616153,958
36,0,1164.6435368335656,2724.299857105214,6183.781480462654,3169.685546796614,6737.248546341043,3035.9516867603606,2.417266674239959,50.38743920839073,NA
37,0,1338.0280346980867,1397.8103624735145,4901.001634240914,2023.1852578115866,5528.138075411164,3778.6862281969675,23.10650637072903,24.807466780531268,489
38,0,1048.6392607677722,0,4182.336507060034,2575.919324302693,2410.872719207949,3416.3246442605005,4.450419271298903,40.22607499597352,5321
39,0,1870.207618425931,1889.5323389761804,7345.344400150092,2378.7432312714886,5345.891721053957,2245.0093712352354,11.080149795969417,18.834387828451092,2224
40,0,1492.7106063533859,1703.3184364320077,3439.1006228453925,3095.696018095561,5286.722755,4458.690822652444,24.605685080572954,20.18946705619983,452
41,0,898.4842807008705,730.9551286867182,2470.6085922160546,2470.6085922160546,5064.585593713134,6070.037518765686,14.44837044900515,10.124153199733916,3031
42,0,244.7722555096413,185.57040420111278,4520.867960743907,3746.829330112094,2685.9727792987724,3875.7573209975403,18.028692007961478,34.89952652651624,4282
43,0,607.0879716076696,790.3181659666211,2119.617343545858,1897.665211,4179.562880813458,2477.3759499974262,15.631864489910823,10.373426293466467,6897
44,0,453.22229441262596,0,2236.3729720549836,1400.0241657572062,3758.6891649135605,2056.5022340975293,17.87881799957023,149.73018219744307,693
45,0,1025.4905915573474,958.4647501028617,4494.459562756033,3534.384074405555,3369.3374693108112,4374.7893943633635,7.268365234408951,22.161646322423692,2963
46,0,1146.3339608557465,1716.247619970323,6412.333727,2011.5581262566711,4622.0180634837725,4244.048334610778,2.329150394167685,67.58371969,NA
47,0,488.2566148187769,2335.053591556451,2257.6204822770446,2257.6204822770446,4788.385230592923,6379.4655610095115,12.869262760903851,51.65124516432378,5981
48,0,2495.890319199813,2514.431148777601,8247.643588526234,5255.117569280996,7236.052470848658,5109.233851641375,11.808301295562446,47.88534293369315,4
49,0,409.76838387749996,681.5306608,3811.638572255236,2062.3738976723353,1859.1163300028848,2517.2421269044394,0.55208407,55.204162540025465,6159
50,0,347.16060121004847,830.5919731866563,2394.005006997973,1489.144739563311,3672.6545357042105,2590.9832933709567,33.90182018184301,37.45156592812085,6897
51,0,1228.9532727679011,1543.2933791441628,3132.7173975256674,2809.7614421694025,4589.345798168763,4084.710524773833,54.00161555769145,54.15375295,1763
52,0,2217.687379790134,2236.2282093679223,7965.721777719854,4973.195758474616,6954.130660042279,4827.312040834995,28.27893134242854,19.659066676933527,1703
53,0,962.5706956,1039.2689550517723,1939.501,1588.0571267812281,3310.904461903727,4090.6765724715665,12.661899341961183,94.29089069681845,18
54,0,663.1771424526693,527.7696585403614,5472.670895861596,2325.5421923510717,1628.677497434558,3516.9861556463256,21.094903558782907,10.90845833690191,2493
55,0,1332.5594234723026,1947.259846537392,3882.7182887891004,3882.7182887891004,4221.134444520471,5228.110129403129,13.059126641619367,76.30649435532227,32
56,0,1035.2886974734963,1035.2886974734963,3889.837059241455,3889.837059241455,2827.4859081177997,4707.940049768834,6.081240423164513,3.050898735959349,4269
57,0,387.3142201770338,3384.1662838492352,4907.897341,4409.8536485929535,6847.6175228159545,5201.917831501295,6.089785889942939,26.16697078396315,167
58,0,49.62619053253453,1090.6489035178436,2587.721166933379,1632.8731235993687,2780.160562371793,975.9955835621936,17.611643663712325,26.68087445425601,7304
59,0,205.53516577541905,1005.1055959676305,1328.061551323895,1005.1055959676305,3324.4000715450807,4089.033592068234,36.59350272483205,48.98484373,3216
60,0,882.6556121,1368.1259932354515,2442.4549636220227,2442.4549636220227,5105.116531155151,6110.568456207704,10.400927010523352,276.75695911704196,15
61,0,214.91086567893953,276.24532155877523,1996.4423652132068,874.1027654560279,3306.3734084520243,1906.5527903588602,51.595736726519036,18.735010574499118,6897
62,0,3014.7239699325314,1494.201744262495,307.71743948712214,307.71743948712214,7097.086751921562,8102.538676974114,8.304079652,65.96056774377351,76
63,0,897.2561177638073,1211.5962241400687,2801.020242521575,2478.064287,4257.648643164671,3753.013369769738,6.951691601613677,112.60633964920255,1763
64,0,1175.9390485864285,966.0715113407622,3806.1280662031563,966.0715113407622,3711.8604118684157,3715.1428676528403,37.30162775978328,48.21042037180839,904
65,0,922.0187076105706,1298.476082003327,3080.268908577471,3080.268908577471,5014.691513525674,6020.143438578227,107.05971324359045,412.7900791560911,15
66,0,1038.2907745897342,1301.0384548454067,6668.042538304359,3111.632402770514,5656.451420626782,2965.7486851308954,20.653453954801474,170.42976174624732,45
67,0,744.6185626,1998.6508881268792,4055.2364086268317,4055.2364086268317,3372.386209,4040.271751356249,2.396432835963696,4.597411837155023,1578
68,0,NA,NA,271.76882623706456,253.09006307647508,NA,NA,0.195166329,339.4020522367315,1198
69,0,17.48348586081587,295.8583052531355,2882.0871620336984,1532.7792981171901,2720.1597034209976,2508.1116215169513,12.66354022162785,67.19480653932648,5585
70,0,0,1289.9067540593783,3834.9615139121834,1056.9882375219495,1359.8461918019818,193.5500406,43.72859518967748,26.84999641904799,4669
71,0,282.2289643,1370.8493142508314,4185.7907757305875,1448.828532720198,1186.316448284756,1168.290273931427,1.306755561901664,5.944238830379533,4669
72,0,1024.204433126671,1752.5090454011927,4489.377307569798,3953.080309187866,3502.1596221244604,3807.1965915482474,25.70629328,20.289501206949655,1703
73,0,314.4916850774088,345.4491807196247,2931.678037500187,1951.014113646554,3359.3595377809847,3114.826571978506,25.473375780542952,75.44253189152582,5585
74,0,82.27465245274375,1461.773266400168,4117.249556,954.3507702466477,508.55992098469926,1507.6548547174516,0.82661578,12.561734762663772,7328
75,0,909.4166889863332,762.8280663841867,3912.527300413986,792.4377993971787,4401.210071,4151.224900748967,14.312488763802678,55.41774266343643,5261
76,0,126.85825477790381,616.1623765624103,4330.188221424094,2601.3439643548113,2435.7289682637647,3434.823901996517,0.417661517,64.89995300987557,5321
77,0,1297.4997248721502,1661.2744389753275,2430.968463396062,3392.2970101286314,5361.870309370614,3557.705330561017,41.55196530731216,81.78790174522125,151
78,0,412.1979606852957,2700.339017967006,2283.583943078326,2283.583943078326,6101.406463544565,7575.057124950752,1.444209643133154,5.328078680684524,1198
79,0,893.1118791593256,1182.7772948216636,4662.383717325263,1358.2008976418392,4724.812558915889,3195.4058255263512,28.28288216176882,34.10378883762774,2392
80,0,317.0808573229816,NA,NA,NA,NA,NA,11.739959981589449,0.386754046,2224
81,0,382.92698207555156,697.3291241008163,4150.107060072396,1583.6107681508552,5081.067525374788,4388.804660407377,5.011965300607142,70.52097289419548,2684
82,0,361.44180325457296,0,3875.9740300630433,934.5721881388417,2590.7507280345962,1810.7828655257242,9.875786974457348,26.62621858603173,5466
83,0,222.5481720664344,651.4986012476027,5463.957359625427,2766.171162737306,1529.5842132688297,3508.2726194101547,1.553515768051334,4.272629375697885,2493
84,0,247.56055705348587,638.1528724626273,5450.611630840451,2786.437432435265,1554.5965982558812,3494.926890625179,6.346122860783245,37.574870212588664,2493
85,0,1867.6342037219192,1682.4319510980777,4771.6103162759055,4771.6103162759055,2600.945740786274,4870.131586756215,16.569399159219422,18.231017940416606,574
86,0,263.01416305239235,2558.7270268501234,2203.104593821438,2203.104593821438,5913.199506257464,7308.427754371541,19.94252469695412,111.64678026512173,4919
87,0,1152.1243015754155,313.1671039155127,4772.918328026472,617.0735581985211,4047.985213616592,4681.933129476157,44.69790538419985,35.73137307323924,120
88,0,612.9267548747478,698.6438492337276,3931.0649751904853,397.7386067351949,1523.6700496480453,1285.7597487483854,18.782389695932885,15.90302507876605,3156
89,0,668.8342469121563,1804.369314119236,4763.569552564867,1538.0541807847053,1154.8799175347863,2153.974851267538,30.076229532843232,41.780016305038316,7328
90,0,1285.5374123106697,930.7465331351649,4534.445036838977,2339.3557753798195,5770.2674307978905,4828.465527397091,22.229173784105928,81.82644548,1556
91,0,223.41550516345052,1059.2851314951743,4668.603996232381,4668.603996232381,4467.084029990772,5134.969572,8.563447202173982,40.106390709570476,1703
92,0,1733.5286364377582,1897.004307,2219.9602624185445,1897.004307,5359.388522536138,4858.624165769711,172.75049899988812,115.04018197721396,585
93,0,2391.703744192698,2451.4860719681265,5936.589549084909,210.73784919776529,6581.813784905776,4832.361937691581,55.95283278070787,589.5249411546876,NA
94,0,11597.19100974207,12465.820453143575,14487.970882372838,13157.381047772586,16588.292703190662,15402.600922146943,18.381615241481366,162.1917132761438,NA
95,0,1245.4631492784142,1679.235504953795,6212.687897,2033.307050600551,4721.147252,4348.691809,42.840959473989194,146.0138701014209,120
96,0,809.5731671380142,833.2617471276999,4093.437443500965,4093.437443500965,5479.012982196131,6146.898524098759,13.871039819904198,5.451361813159465,1634
97,0,209.9755832685405,853.2676809624982,2632.5568921116082,1314.5818410060633,3452.9969018476495,1648.8319230380503,5.447976382059946,29.708997446613918,7304
98,0,505.4110646172455,1578.7164121289168,3740.847625079975,779.3521132491322,3268.386351,1553.2547710578046,23.411978409841073,172.28011631974115,1676
99,0,228.10031513882453,1005.1917682311583,5560.802069117379,1881.7923552960156,1999.2619284884386,3783.8753706270936,14.861244053382402,156.39486898232587,2493
100,0,608.5153897984239,1271.2764708825616,6455.790742019325,2995.6379468526457,5444.199624341747,2849.754229213027,22.181904171286767,107.63605861996007,12
101,0,2569.200005694815,2628.9823334702432,6114.085810587027,33.24158769564835,6759.310046407893,5009.858199193699,8.943362353949077,527.8365704220521,NA
102,0,200.72556932714912,1103.4148414983704,5496.529445110485,3110.1374615183186,1568.6926199541672,3041.6781851204023,6.038700631080949,71.00969783672053,6263
103,0,2112.843940586854,2131.3847701646423,7864.597209913275,4872.071190668037,6853.006092,4726.187473028416,74.94754770004451,57.707963813453155,4
104,0,3014.7239699325314,1494.201744262495,307.71743948712214,307.71743948712214,7097.086751921562,8102.538676974114,99.74084647595296,285.4467988376338,76
105,0,289.7015684,914.0846377,3667.034317947647,2383.5967637227573,2217.981768,3217.0767013644627,8.606492620813928,66.20981570940812,5321
106,0,758.9615619586834,894.7713046777246,3036.7646790792796,3036.7646790792796,5000.305334389596,6005.757259442149,18.921799747608585,48.60632790696382,5778
107,0,164.55601078749103,NA,NA,NA,NA,164.55601078749103,78.84242942795477,60.44707107520336,798
108,0,2013.8705165749025,2652.235475982419,7019.373693839872,3041.8365324689944,7858.872493280628,2908.102672432741,163.03385252848867,11.391253910223606,1161
109,0,664.0794061,626.1532684077545,4940.175111372039,3468.213255146502,2962.1492894774806,3600.6453019400005,18.24549423741862,35.15460573167585,4282
110,0,700.5994828986936,953.9739653669313,4087.0625722136233,1918.6062178455268,5316.188998372269,4360.860316505567,62.545948831467456,266.9859025404207,1906
111,0,337.72956190074177,849.9703246664728,2384.5739676886665,1603.1153429269561,4005.6764423129293,2623.271568023647,18.963755395179636,23.544767227871475,6897
112,0,3903.4437488223907,3049.168515486125,7542.397156,3395.328386057509,6802.168580886206,7326.321421132657,34.600679330155344,314.0755818471254,11
113,0,2403.6296449433157,785.9537138,2257.8334372468075,2257.8334372468075,6357.8240067823235,7363.275931834876,7.813673266935236,14.904589562892735,67
114,0,905.8330085145326,965.0348598230611,4881.023401758673,3454.5374586550724,3288.9224625640263,4288.017396296779,5.642427891,13.142602979335576,6486
115,0,730.0484198398121,296.4870253233521,3284.929615,1527.9193469785764,2267.9230473371713,2474.4925647570244,6.257676740961725,47.60165316287783,4302
116,0,707.1628299,1107.7736417366038,3114.5136279097787,3114.5136279097787,4907.8424144473875,5906.937348180141,29.538795523840516,152.65670355175394,4363
117,0,768.9067833909478,586.0638504459669,3399.0958010076756,586.0638504459669,3304.8281466729345,3308.110602,17.58335339158863,66.78158645406117,904
118,0,1492.7106063533859,1703.3184364320077,3439.1006228453925,3095.696018095561,5286.722755,4458.690822652444,11.74708535063729,7.711480611080151,452
119,0,3044.7095204578222,4224.216541191338,3959.6916306543217,5946.940489626117,7910.8092430917195,6106.644264282122,10.582157795520617,773.0812266504763,NA
120,0,711.9655197325069,2141.1194911445104,2073.9392326519987,2073.9392326519987,5357.925130475126,6874.9840996485855,2.961451335278493,29.353394475307297,4919
121,0,NA,NA,NA,NA,NA,NA,137.03089646107446,33.19366678182057,4
122,0,746.0187880750856,1117.3167888589999,3222.14443,3222.14443,4371.759025464596,5702.418199177407,36.88469033957138,42.02913020261012,6165
123,0,80.50879675185054,1532.8900549668263,3086.106484458726,1468.4486608420548,2517.547225603323,708.1747882409887,19.541488808298773,31.285181340748398,6715
124,0,326.6484114817159,735.0431391814599,4427.4154628520255,4427.4154628520255,3861.607655388556,5192.266829101367,7.276117458062494,24.907424848630296,4282
125,0,0,1008.8757471864196,4926.547252151686,2375.922878,1018.1578154812319,2097.2457805884105,2.101198234456354,13.834803550958348,3582
126,0,468.87666734004375,1648.3836880735598,1463.9285254101073,3371.1076365083404,5334.97639,3530.8114111643417,2.878000536419957,75.97042530848178,151
127,0,1021.1014418206155,1535.6360658843755,2762.4693063142354,2439.5133509579705,4546.123308953834,4213.217158326538,45.353913462743265,39.84769331059328,1763
128,0,689.4807247283006,1825.015792,4784.2160303810115,1558.7006586008492,1175.5263953509307,2174.621329083682,22.914855256147575,15.379016001270191,1006
129,0,8593.221473312253,10152.877793583899,1054.9839467781574,1054.9839467781574,14438.223450017991,10464.52962323905,45.17130239055446,751.0875476,NA
130,0,342.8184454998761,388.71286568490234,5536.113464759886,2565.584632539395,4524.522347082309,2419.7009148997763,44.30570101112805,52.38601477906087,12
131,0,1259.3177215763399,990.3150980344394,7356.046418867364,1379.9161545210154,5841.012558734005,1246.1822944847625,2.188417116928438,6.937601682051118,1161
132,0,NA,NA,NA,NA,NA,NA,73.03571561444745,67.66514880882592,13
133,0,210.9109701564914,80.16170340031624,2857.891773,336.2517796576222,2386.7782091320896,1605.9521103436111,1.544828728842276,13.527366191810561,5934
134,0,246.1101866689981,448.5595094,4694.136579940385,3763.9225073324633,2328.9324738595155,3892.8504982179097,3.017401340053866,91.88978827,4269
135,0,2360.9405527784966,840.4183271,961.5008566411559,961.5008566411559,6443.303334767529,7448.755259820082,16.956715558267653,14.482572874738295,46
136,0,884.8904895327112,1123.995263046764,3303.266878235676,1611.7184882954243,4974.077417061427,3594.088254,11.74799214333125,9.288530528435132,1906
137,0,1103.605287116417,1507.2302361925101,2150.3397173613394,1796.0716623591732,2712.643688182023,3492.4157987498625,7.295095674496383,273.23650811417565,208
138,0,37.72820196,2100.6977932388377,3137.678279117305,2786.234406231283,3275.142547522116,4282.118232404774,22.23211078761511,51.78024850898604,208
139,0,914.4927000892177,607.7427068560312,0,607.7427068560312,4194.444294531503,4974.216405099342,156.27325262951047,202.34726048304233,175
140,0,939.3278567058348,998.5297080143633,5156.268755379294,3832.634957762406,3629.5283454210576,4666.114895404114,33.52896665250403,36.80200579261733,4282
141,0,1196.242603234086,1485.908018896424,4965.514441400023,1661.3316217165996,5027.943283,3498.536549601112,17.191483421186696,109.42323301867012,2392
142,0,731.8409431631535,585.2523205610071,4074.877488683502,646.8693890509062,4077.7810444689767,4313.575089018483,13.427821446771377,17.981103061501457,2684
143,0,1241.1116266940835,3003.083372675839,6976.2659079331725,3298.393878962187,5908.8538161892875,3484.273772150241,4.578296731892353,7.814140385110164,1574
144,0,679.1470058212641,918.2517793353169,3513.4920362341304,1401.493330296969,4763.852259062972,3804.313411692855,4.782380188,5.826540337353004,1906
145,0,3044.7095204578222,4224.216541191338,3959.6916306543217,5946.940489626117,7910.8092430917195,6106.644264282122,0.30751602,548.1142349,NA
146,0,235.6481960318026,281.54261621682883,5915.434075271359,2922.908056,4903.842957593783,2777.0243383865013,52.861752280323124,60.61857176867602,45
147,0,NA,NA,184.19526603371057,165.51650287312108,NA,NA,9.411966721794357,339.91430996602793,1198
148,0,445.59017989556264,218.39510938590917,2804.6239661664713,1820.3586501688912,3158.982166307686,2943.158741328791,20.328942274415827,131.53557331087225,5585
149,0,NA,NA,308.9082073666222,229.09606691833386,NA,NA,2.355129241649647,419.17566182837476,1198
150,0,1809.258339848006,1827.7991694257946,7557.292737777726,4564.766718532488,6545.701620100151,4418.883000892867,41.25653325230466,40.28227042,8
151,0,309.1289631175213,1725.0870886730897,4330.405771785991,956.7638338587368,644.9085882093046,1085.6918247441854,20.21795820513301,9.106234506665949,4669
152,0,0,199.65880139834155,5605.687312593139,3830.6903573758755,790.2507191,3694.847173,1.743516447943492,23.74060956926392,39
153,0,76.25070041505002,1296.657291413692,3434.911434074449,1179.640159324618,1859.0955021003256,240.21017310010342,25.37436783738941,31.36373068114865,6715
154,0,763.3433142069493,1100.6249005363657,4036.0738750328583,3676.544224839058,3511.4976197443148,4516.9495447968675,38.68800666592427,54.226442916957076,2963
155,0,0,2996.852063672201,4520.583120766147,4022.539428,6460.303302638921,4814.603611324261,45.32900186463771,105.21585132597656,167
156,0,1416.8062632773178,933.4801823013294,5027.823619448862,2470.624626346468,5901.536281764538,5266.521219783842,12.822197243053363,139.21178320365158,NA
157,0,85.44296286907169,840.9374233370509,4759.449739815615,2014.275133161702,1235.2015867302543,2143.2031240471506,2.207595119666432,63.66955090854392,7328
158,0,1691.4285575866231,713.5256994063137,2515.4448831559307,2515.4448831559307,5479.813598311858,6485.265523364411,11.047299846859039,6.689237210163725,3031
159,0,1911.3985739232785,3472.1199418172914,1342.367967100737,1342.367967100737,6281.656896241936,7872.737226658527,12.637442800025637,28.254285573018315,1198
160,0,1264.811983434876,477.4205978251116,7736.0462588547425,1380.8839093755446,6724.455141177167,1235.0001917359257,28.320310867183238,73.02955545185013,2
161,0,361.67001138810423,1449.5986707008726,3578.0576765002415,3226.6138036142197,3201.069787726632,4208.045472609289,18.050455060569398,14.74469473,2963
162,0,1580.3831813955626,37.29274979294849,1839.2119335425655,1839.2119335425655,5565.592257866118,6571.044182918671,57.005969140068444,134.4532595052399,3031
163,0,1071.2633034003425,1056.9413536195723,6917.678619820293,3532.8754155566494,5906.0875021427155,3386.9916979170307,8.718265833929786,24.868560622307065,8
164,0,653.5164529619644,853.1752544,6259.203765555106,4484.206810337839,1443.7671720199944,4348.363625542214,1.707296634967969,2.793384276484558,39
165,0,985.2721837939628,1094.4782509210768,2882.6628611025494,2882.6628611025494,5226.615956224875,6232.067881277428,21.847314843410963,72.27219809,5778
166,0,148.85885264496756,822.6346949,4771.825249,2077.6910229375976,1171.7856969543586,2206.619013823046,42.53929459232948,25.65288982633943,7328
167,0,491.22405418654347,867.6984518241482,1494.6028536398117,2470.2972890593305,4434.166042524931,2630.001063715331,20.31528660110256,38.67937739440968,4227
168,0,361.11561631016207,194.79856188479303,2305.155594275644,2107.135619668326,4087.16887,2283.0038911990514,29.72272177217177,69.63968954486812,4227
169,0,0,2097.239826639345,3134.2203125178125,2782.7764396317907,3271.6845809226243,4278.6602658052825,10.442429718795484,127.96134016366054,208
170,0,304.2681822535555,720.6051234521948,4475.660619316208,4475.660619316208,4973.707997311672,5641.593539214299,34.80268836,28.718319508018613,1634
171,0,2512.022077793575,2530.562907371363,8260.056475723295,5267.530456478057,7248.465358045721,5121.646738838436,37.23664415950864,70.98928237929947,1703
172,0,326.7591976585253,1542.1460822611039,3106.0037462460327,1493.334088872352,1565.6910270417486,2449.6895424502354,19.870465512603314,31.83613478274437,1006
173,0,964.7464683752901,1812.626567481962,3730.530084697957,3730.530084697957,5010.674128805839,6341.333302518648,5.692585252842687,43.19035369231756,4919
174,0,555.2528353946747,1051.548919164075,3526.3890826665165,2443.926500827628,4221.371301789267,3677.1253345467962,62.560261040059686,29.208717078158884,1763
175,0,422.3000566442614,1184.3153207434557,2665.4301097028474,2665.4301097028474,4387.079035153392,5913.632824908709,2.644745973,14.601726064593514,4013
176,0,7828.455377359668,9388.111697631315,273.84712195189434,273.84712195189434,13673.457354065402,9699.763527286466,148.12067160131159,235.0977621,NA
177,0,3062.852190231889,2579.5261092559003,6673.869546403434,4116.670553301039,7547.582208719107,6912.567146738411,9.393351742175627,14.074677068381064,1906
178,0,827.1179177704726,2169.574736154064,1986.2546623657088,1986.2546623657088,5386.380375,6903.439344658139,5.232870397129675,39.74261436689597,4919
179,0,630.6697136323188,1810.1767343658348,1625.7215717023826,3532.9006828006154,5496.769436266214,3692.6044574566163,56.05320991469734,95.08038697926261,151
180,0,1581.3100398361637,1599.8508694139523,7329.344437765884,4336.8184185206455,6317.753320088307,4190.9347008810255,162.22625214206647,182.15461452514018,1703
181,0,537.7666789,521.4093111195888,6384.181995330239,3342.890057273191,5372.590877652661,3197.006339633572,17.748556930267565,57.136962801458466,8
182,0,1466.2359607078192,1365.8105001169174,7562.964657998843,1857.2790868275629,5864.689787,1723.545227,10.195910812864412,11.97334314570443,2224
183,0,796.7430733678406,963.5946185970074,5611.514666,1258.9051248833555,2936.204408,4482.641094859643,22.89568342251082,17.871976339641936,2740
184,0,465.33461408648907,1600.8696812935684,4560.06992,1334.5545479590378,951.3802847091189,1950.475218441871,31.63340880844322,66.50157124208619,1006
185,0,259.1714272585936,649.5988529472967,5442.184029951674,2767.839293142755,1239.808751,2699.3800167448394,2.681888212284044,2.723064029348805,6263
186,0,904.5356197,1218.8757260531515,2652.231671893711,2329.275716537446,4264.9281450777535,3760.2928716828205,1.105396070360714,73.87147370192797,5585
187,0,NA,NA,455.28012663918713,375.4679861908988,NA,NA,25.665815963529244,309.25210559571525,1198
188,0,339.2918479712954,933.1606991037736,5837.101444254327,1994.8677067945644,2037.1585973388865,3924.8544757877894,22.40148171376407,93.54940657933815,1073
189,0,NA,NA,NA,NA,NA,NA,4.383562764727527,149.69119657674534,208
190,0,788.0376626879106,1223.556986020261,1823.466803545612,1469.1987485434458,3141.401294054485,3921.173404622324,27.06967623857212,48.135535288811354,3216
191,0,919.8901876247783,565.0993084492733,4493.210281950869,1973.708550693928,5404.6202061119975,4767.008026242813,1.161463749,73.84312928046049,1556
192,0,5655.924458450699,7215.5807787223475,1046.0471140679906,1048.7275802793947,11500.926435156432,7527.232608377494,140.35301163177127,267.29982671634616,2
193,0,1051.1746383528207,1188.2237295006053,2088.4557741160834,1737.0119012300613,3268.2147944339285,4162.434246119979,6.159568257040925,118.9829344884908,18
194,0,847.5050324641529,1595.4475573378409,3373.1805480915364,3373.1805480915364,4231.490141803101,5238.465827,108.01044320750195,287.60674281212533,32
195,0,124.72550254156485,1304.232523275081,1045.5604563649242,3026.9564717098606,4990.825225175461,3186.6602463658623,8.344616801,87.03364984199429,398
196,0,1383.4408207564936,1198.238568132652,5081.056403929663,4736.577379091641,2116.7523578208484,4668.118102693728,1.842112831944468,2.747208328325567,39
197,0,1253.6780201407014,2203.8382219594205,7109.061344569005,2499.1487282457683,5109.608665472869,2993.2824879640857,28.642480088530668,35.25214653028079,4481
198,0,172.84945040852207,915.8700817,4239.383406382443,2413.8742150581425,2220.6787977822846,3219.773731515037,12.891312600620976,47.79590156976367,5321
199,0,289.1164357036281,870.5262811901397,5144.6550284227815,1388.2873616421025,2412.958901398452,3737.272618975538,19.268324744325124,94.35248584030697,2740
200,0,92.13541517460534,1051.7513553134345,3665.9076026394187,933.4302325,1005.7871706483626,1889.7856860568497,1.683119973552651,181.8574362606658,1006
201,0,NA,NA,NA,NA,NA,NA,17.411853882417017,276.1274752,1900
202,0,1867.6342037219192,1682.4319510980777,4771.6103162759055,4771.6103162759055,2600.945740786274,4870.131586756215,45.18792570872923,161.1274296050052,574
203,1,137.96073759077663,709.7223929555907,5614.945515565172,1005.0328992419388,3599.0474981249045,3661.2565639091154,16.756288440279498,2.385236006905723,4481
204,1,1092.4684418542572,1662.3821009688338,6567.605223578417,1957.6926072551819,4568.152544482284,2514.2702534565533,5.644537657286631,0.000535745,4481
205,1,1175.005099,2044.0090715097358,6949.232194,2339.3195777960836,4949.779515023185,2510.431198282764,4.775417252091171,7.941156710320799,4481
206,1,1591.8677357205304,2048.057004465474,7067.004517444691,2457.0919011214546,5067.551838348555,2406.7359634844584,8.024788666034844,111.8816277018283,2224
207,1,274.1356997386658,1227.6255269091168,5875.545574,1522.936033195465,2543.535875,4343.075120015091,7.384905950918293,0.658023266,2740
208,1,465.79585614001763,829.2571756510822,5477.177222710765,1124.5676819374303,2605.2571905900077,4348.303651913718,6.903918574706955,10.10807499897243,2740
209,1,738.4906333805712,211.11743247612168,5158.683443318712,2489.1930505228297,1315.1153307112343,3203.4239889230016,2.827227010925755,93.71019877,2493
210,1,114.7441746290105,730.1168177,1856.1120391226298,1533.1560837663653,3740.604060727392,3407.6979101000948,5.820613329487258,48.45200141340268,5585
211,1,632.3008006595653,500.4520208,2419.3552294848573,1983.1115405822547,2029.3722892814671,2794.00581,16.314121485755642,17.02018133010807,208
212,1,200.2235439207257,1801.214706357441,3365.0723703423696,1410.9082393615722,1483.2651775309691,2367.263692939456,29.199449378013163,74.42841605657468,1006
213,1,0,1143.8867704880402,3756.7904714864317,888.8200765627482,961.1770147321448,1845.175530140632,13.470936881863798,240.59067088050057,1006
214,1,NA,NA,NA,NA,NA,NA,9.245232078,9.136156050882489,3156
215,1,344.66997,1477.1984308785998,3607.356799003871,891.5841577368141,3093.7987028862785,1392.5136764224553,3.296471271460501,14.594354729329469,6715
216,1,201.3062048157787,855.9331839,3621.577076977724,714.2391290022499,2470.4852733396833,1210.1608860747597,11.398334550411597,12.643475087544969,6715
217,1,239.74955437523835,1172.0409919086899,2951.330203,1242.519028923313,2908.7048656849456,1111.870628996993,5.648698746583099,81.50322736667805,6715
218,1,151.53532078914233,930.2002691301898,2709.48948,1062.7356270163846,3151.124779332772,1354.2905426448199,2.307486839635909,92.71823846724322,7304
219,1,408.80731144694994,1138.9455974849677,3097.773623240954,956.8649963098409,3065.797321275614,1268.9630845876618,8.245973554380985,16.75790343296472,6715
220,1,0,127.1991233143664,1592.9979203400653,1164.3173231818148,3522.9823223381686,1820.795391522138,6.692276197087463,2.902006526,6897
221,1,688.4708256928158,1014.9159012904249,2546.072152370827,2001.6461929662605,4433.916835962255,2788.217144647599,7.443994171812876,87.92611950059487,6897
222,1,271.9043646457961,646.5813986662961,2902.0933822625234,1083.0662691911186,3111.134498648946,2975.114728005042,7.169506277274585,1.246956324139124,4302
223,1,0,416.41348305793844,2757.3152435218803,0,2582.3290213239857,1503.4876166218105,8.009921536045999,2.851300515339374,5934
224,1,306.9456768976868,322.6266859076965,2718.6963541553337,452.85982275291383,2632.3205932459464,1664.5191476642706,7.920736011431983,37.936898208664466,5934
225,1,138.4156318,1342.8082812412667,4772.052070473003,1398.4101325457482,1086.5548868963165,1385.804219458365,5.416319664479345,2.180419992175128,7328
226,1,0,936.6152955569521,4854.286800522219,2448.1833298744777,1090.4182671106994,2169.506232217878,15.698261437256827,1.664225173681079,3582
227,1,108.06236660811373,1259.3078762176042,4864.314153356387,2125.4907492138254,1129.4527410823111,1846.8136515572262,4.536860544133819,7.396750964980948,3582
228,1,0,1119.8941255924424,4598.309885082653,2216.6362824438725,1476.773687270501,1936.962569,5.866037563256358,13.29727136670508,6159
229,1,0,902.9236788768243,4166.249643693199,1994.299662120219,1386.6030184421106,2369.0228103168324,6.921640565563087,1.801249661045545,6159
230,1,260.4196759846551,789.0351097,3843.0850400252702,2086.074772205707,1709.7676221100396,2540.9430014378117,5.750651102,0.289918881,6159
231,1,175.88320225894043,755.0747447155009,4384.138803237827,1618.5720080574672,1771.812156,2787.927910688811,5.239559023540491,1.414833950586432,3674
232,1,720.1546098136658,422.06340874688584,5141.980333799258,1989.9981305339372,1414.4965432463825,3186.873374731848,13.589121759285389,87.05026109844516,3674
233,1,720.1546098136658,422.06340874688584,5141.980333799258,1989.9981305339372,1414.4965432463825,3186.873374731848,16.229545878406917,84.38700133569662,3674
234,1,438.1965732447211,405.5681353599147,4730.4835823695985,2407.7639332010735,1227.7072588128449,2855.1597735805326,3.283568597093819,0.211137014,2493
235,1,85.24135562846133,570.0376460892529,4528.961285506702,2315.153495566722,1106.0772471477846,2694.5431890601776,4.278178846122516,28.039312267082778,6159
236,1,321.9074564602562,552.1393169,5364.5980752316045,2696.6099894832255,1520.6046768045653,3408.913335016333,4.560143284495152,6.143575582594307,2493
237,1,266.8089615473205,1169.4982337185418,5562.612837330657,3293.823269105128,1749.9754857736398,3225.363992707212,3.765403977,10.912256922517749,6263
238,1,0,815.9507887547472,6082.418396573769,3314.1455521064618,917.7566033802149,3207.3713359316616,3.556078737896213,15.365201752914107,6263
239,1,11.837617092039553,1032.9272283998052,5642.840975855756,2874.5681313884506,511.4962973579758,2801.111029909422,3.628976368728608,13.026776282296177,3582
240,1,0,549.0142781298288,4985.199793687992,3459.1841484726765,2233.2678723354725,3588.112139358123,9.966189693371165,18.33819958436484,4282
241,1,250.24959137612998,433.6030788263155,4679.276420392743,3555.7569218603076,2532.5583351132113,3684.684912745754,5.365637957883782,0.660050652,4282
242,1,447.5683263610946,457.32673903530963,4723.664031595361,3385.4238988630923,2795.972750887954,3517.8559456565918,4.129203998971241,76.82678533836318,4282
243,1,579.2389794220619,1104.9026580908567,4171.5754,3090.0842458832576,2924.4692497922106,3923.564183524963,5.152390889069829,27.941256304056612,6486
244,1,1124.8039530558717,1644.721283912712,4717.140374029769,3288.826009203466,3095.6305919276083,4094.7255256603607,9.022410309566816,66.20484165,4282
245,1,798.2034452231869,798.2034452231869,3852.9100046029007,3852.9100046029007,2930.944386099605,4618.974335471205,5.371549418430197,6.462570947649854,4269
246,1,896.7490172398433,1112.0635050927508,4388.162738403234,4221.701084076417,2289.7561815840577,4319.838151314163,4.778386903802951,145.02652371646934,4269
247,1,1566.8285839901062,1381.6263313662646,4202.353758953681,4202.353758953681,2300.140121054461,4731.287605155873,6.703492594635112,134.0830032904216,574
248,1,560.7431269241324,1747.3684925863904,2796.818365,2796.818365,5482.484089892027,6637.949953287402,8.222831656,103.43551549262875,4363
249,1,145.79224249326407,1134.8073296101882,3796.566632816931,3796.566632816931,4057.4891033949143,5062.941028447467,10.306142298695336,12.417080633945842,2963
250,1,836.2277842437636,1063.0229967070916,4428.564205217662,3347.0730507049593,3181.458054613913,4180.552988346665,3.929505367969039,72.18386246645368,6486
251,1,700.7010731152754,2109.7535205610056,3673.6111845459336,1719.4470535651371,1791.8039917345338,2675.802507,20.24753223797854,29.477293025717316,208
252,1,594.0405310078734,2283.2542176197967,2625.992826657752,2625.992826657752,4407.738929582455,5998.819259999043,7.832902360178569,10.567615822155705,5981
253,1,318.5270428615694,468.86434274819493,7641.363928911468,434.5989688022379,6629.772811233893,288.71525116261904,10.60092183206801,0.46974392,2
254,1,0,369.9631040170675,2566.9009350204537,190.41430850142655,2679.657011355317,1313.073308120384,5.679385669314464,0.527433171,5934
255,1,204.52864307716834,1319.469065,4349.042630654352,2281.8069220076545,1811.5551528434685,2249.508008510469,8.025892037720054,78.40879566874979,6159
256,1,841.4127492241236,1024.642943583075,2353.9421211623126,2131.9899887640845,4413.887658429913,2711.700727613881,10.41615249859271,96.16677740667791,6897
257,1,289.6571112111683,1117.1780362839124,5585.460986994504,3021.205919634299,1479.761078070148,2952.746643236383,6.356443732622833,12.79157355240863,6263
258,1,275.32816723680173,678.7375110887185,2188.162595382389,576.0440585357713,3065.2867613896624,1477.2380138474819,13.368702762112006,1.169001969752107,5934
259,1,369.42314220054857,845.8599077774722,2340.3394612382976,666.3111122618311,2565.038983191641,862.8520523756108,0.31553463,95.01417268682596,5934
260,1,157.16687458406554,722.3203700695831,2432.646391771305,1509.820386983052,3479.393686225038,1675.2287074154387,4.626527958463519,20.741438399298094,7304
261,1,28.543127126309013,683.8221288440233,4526.537961146175,2354.587979573194,1049.3790186456324,2580.758706305407,5.567203598,10.248741612387702,6159
262,1,375.8605311,1627.5784246633439,5256.791403,2456.419983136292,985.4678127330546,2225.164945832198,2.585625139451917,10.715311916503907,7328
263,1,328.75289157520047,973.7980219859538,4922.9885762481035,2257.5850618678305,1184.9164496419203,2248.7038064826324,5.697311458519907,0.023371217,7328
264,1,167.33306370503956,587.2157655090542,5050.172995843468,1401.9642458935157,2131.093764603332,3453.9621032944524,6.975731579,3.026245241201043,3674
265,1,354.5754005,1033.4042640860373,5814.171299210266,3169.148449581645,1342.427887868479,3481.5124205615725,6.482288566608018,77.19717516713648,2493
266,1,688.4708256928158,1014.9159012904249,2546.072152370827,2001.6461929662605,4433.916835962255,2788.217144647599,3.973719998625528,85.78199424431101,6897
267,1,163.9707002231039,737.0694700728301,5007.980431666456,1563.871464979274,2006.164459555112,3411.769539,4.719300404109163,84.06474935614816,3674
268,1,254.08941705510853,527.8150104037954,1914.1921107528076,964.3507566904887,3129.237982029188,1427.0510512131575,0.501662685,3.044822459221676,693
269,1,0,369.3827185,3570.628243494296,3570.628243494296,3662.0800974489935,5057.308346,8.535631954522223,38.80682832622114,6165
270,1,335.30827463043147,335.30827463043147,3566.593863993755,3566.593863993755,3628.028441506952,5069.172883134509,8.438527480829377,48.52721377648739,3471
271,1,656.0919474605586,796.8991298323474,4286.524297954842,720.6401984145314,4151.551853832602,4511.200750112359,5.529914649373505,20.51603930775202,2684
272,1,10.642148892613573,1317.832669977012,4733.788054887073,1995.9612666044034,1634.2842650329503,1716.2875530879119,11.039191789413387,16.74202438085053,6159
273,1,239.08253056377617,1562.7781361779244,4552.082215536345,1178.4402776090903,866.5850319596585,1165.8343645217071,7.036118318681184,32.849268783035946,7328
274,1,29.892341950068396,851.9737549429071,3633.371806403158,971.0308455,1649.0578872009646,933.4060753135302,2.945274883861465,8.788922336,4669
275,1,NA,NA,NA,NA,NA,NA,5.818735833072957,0.244100311,6263
276,1,429.9708423183591,431.3185493920964,3328.3345301210634,811.3748103752055,2191.185278945492,1695.565368875849,3.787566199931801,51.50665858007967,6159
277,1,29.892341950068396,851.9737549429071,3633.371806403158,971.0308455,1649.0578872009646,933.4060753135302,12.950870445498358,18.40113941986185,4669
278,1,17.88854381999832,2115.128370459344,3152.108856337811,2800.6649834517893,3289.573124742622,4296.54881,14.008400160641676,15.575402827952656,208
279,1,237.6342468756783,934.5244562474451,5715.291491371672,3052.207295976249,1243.548080029887,3382.632612722981,6.003827907272005,16.542543325650644,2493
280,1,119.87246646501977,371.2837208,2091.480764427127,779.0643662421082,3211.3350092381042,1901.7233658610655,16.13025743123535,2.926403351403597,4302
281,1,136.95577222061473,150.4489195,2931.8469709820165,403.5401087543193,2312.8230111962125,1597.1711993087788,3.497441254193326,0.413428878,5934
282,1,NA,NA,NA,NA,NA,NA,5.755250115896029,6.957767406511332,5778
283,1,512.2429228590547,566.1139876318421,2829.747659338578,2829.747659338578,4753.586695289968,5759.0386203425205,7.219233209541222,44.54024263114988,5778
284,1,1017.9980971435618,599.6778340449491,2361.5436651542886,2361.5436651542886,5184.099410155825,6189.551335208378,5.977963051,48.019557370459566,3031
285,1,957.1401845967931,672.2992247907957,2411.952688320132,2411.952688320132,5123.241497609056,6128.693422661609,4.847370702450634,13.135961993901585,3031
286,1,678.4796805101558,577.2516170298181,2690.1009138749387,2690.1009138749387,4844.580993522418,5850.0329185749715,5.097452184968957,56.00188251246019,3031
287,1,2150.5723158692476,1375.2389510891476,1918.9585357237502,1918.9585357237502,6329.918402515342,7335.3703275678945,4.425125190093658,3.659257138578383,3031
288,1,1462.2896876160946,789.7669476847498,2079.7528983503043,2079.7528983503043,5674.5301855938005,6679.982110646353,10.778625202233407,179.31182964265312,3031
289,1,221.84422497869338,1174.8740735388697,3618.3882178656163,2644.3861995589186,2478.771203467872,3477.8661372006245,8.960205934547997,4.160875639925794,5321
290,1,607.1855024020151,361.79539474426343,3162.2699631795795,3162.2699631795795,4629.124771236865,5634.576696289418,8.041639661905357,18.89568846282959,5778
291,1,181.23509569025816,564.8403731796235,3142.704898375564,3142.704898375564,4422.578868121172,5428.030793173725,9.308860769433581,9.276571236688138,5778
292,1,924.7213475297956,789.8107141313416,2549.928082005687,2549.928082005687,5090.282733195713,6095.734658248266,10.569529418960933,99.37470209131655,3031
293,1,728.4899507,677.7439710401585,2613.500631512632,2613.500631512632,4945.073347532759,5950.525272585312,9.140207006778423,1.260950317461379,3031
294,1,825.2594241815221,889.7200233333757,2605.6139932165006,2605.6139932165006,5066.603196612435,6072.055121664987,5.507591362461839,10.843216243169488,5778
295,1,845.7804068155452,933.6990645595156,2862.9771023864037,2862.9771023864037,5087.124179246458,6092.576104299011,7.717593849425171,93.82626706,5778
296,1,840.7689879532095,949.9750550803235,2738.159665261796,2738.159665261796,5082.112760384122,6087.564685436675,7.340291430124295,111.22605275192947,5778
297,1,591.4823710162626,1047.7312913202256,2998.418970012006,2998.418970012006,4832.826143447176,5838.278068499729,10.001119154511219,140.48683468167198,5778
298,1,621.9602874623889,1107.4306686391665,2703.1502882183077,2703.1502882183077,4863.304059893301,5868.755984945855,3.276682518399769,37.84409753973018,5778
299,1,1777.0275947825755,1001.694230002475,1545.4138146370774,1545.4138146370774,5956.373681,6961.825606481223,4.527971776530072,61.41585415788747,3031
300,1,1781.4321199969716,1108.909380065627,1674.9646977581087,1674.9646977581087,5993.672617974677,6999.124543,4.393464657286235,107.22258223099156,3031
301,1,94.57343996633892,1298.9660894330655,4607.116367285657,1312.7146661917266,921.6191837089715,1441.6426570771753,11.13704943862033,13.721457731001852,7328
302,1,389.16207422355956,189.5032728,5411.285524427091,3920.2583692402195,1108.0170625134144,3813.484153065419,7.157159068346698,55.058093562632784,6263
303,1,NA,NA,NA,NA,NA,NA,1.076734566946444,35.426722128609185,5321
304,1,NA,NA,NA,NA,NA,NA,6.481916402412757,77.54782219839527,5321
305,1,497.61141139101267,0,3643.1128285691457,3643.1128285691457,3861.5400306381002,4860.6349643708545,8.880369041503823,5.442187291448808,4980
306,1,372.52904122624807,655.6034377228626,5468.0621961006855,2737.283223729155,1624.0687976736472,3512.3774558854143,3.828897701,10.310599050832877,2493
307,1,763.3233927354618,1934.742334309255,1638.684011526182,3657.4662827440357,5621.335036209636,3817.170057400037,11.907376773041278,12.45066769792189,958
308,1,69.48184962487527,360.45583826900076,4022.382252073678,1246.7374823190394,4707.040713,4261.0798524086595,5.170392624,17.42691717096094,2684
309,1,424.18341075148214,715.1573993956077,4377.083813200285,984.4367031443137,4415.348358562384,4615.7814135352655,11.634094039667698,45.867332827655815,2684
310,1,339.13449511136827,2373.057454449293,2565.6686317282793,2565.6686317282793,6259.608262857229,7373.815042873726,4.832572389396398,1.043062573775583,1198
311,1,707.1897478631114,1063.584158113977,3511.1373976198565,3511.1373976198565,4501.099575520465,5506.5515005730185,11.158963005490325,91.75078843089456,5778
312,1,763.8918285822755,1935.3107701560689,1639.252447372996,3658.034719,5621.903472,3817.738493246851,34.301806673555284,1.433454407390048,958
313,1,878.2624337130205,1448.1760928275971,6353.399215437181,1743.4865991139452,4353.946536341047,2722.059166143672,7.318741826315726,63.63670351564599,4481
314,1,645.2356297441174,1215.149288858694,6120.372411468277,1510.459795145042,4120.919732372145,2955.0859701125755,8.205411228025376,23.92780829334372,4481
315,1,331.89771423418034,550.5247839648645,3055.811715664506,1267.5062614605943,3775.0159226859214,1978.1816859979695,3.065000131369906,81.35471940148413,6331
316,1,491.1279406735631,1626.6630078806425,4585.863246326274,1360.3478745461118,977.1736112961929,1976.268545028945,3.141009603360069,26.896262885196965,1006
317,1,0,NA,NA,NA,NA,NA,6.424100000411272,237.51010000719967,167
318,1,320.9345852520734,2765.4944375014397,4289.225494595385,3791.181802245158,6228.945676468159,4583.245985,9.156245481332903,115.28316708406277,NA
319,1,435.8555217226069,2438.6990360292934,3962.430093123238,3464.3864007730112,5902.150274996012,4256.450583681355,23.049886778712818,278.8409923934425,1906
320,1,163.58829732393414,NA,NA,NA,NA,NA,8.320807503,131.3000123,1296
321,1,435.8555217226069,2438.6990360292934,3962.430093123238,3464.3864007730112,5902.150274996012,4256.450583681355,26.587058149579843,273.07952583647716,1906
322,1,87.97459794108717,1137.4212183649636,4237.802951,395.9019079,1345.967674480887,879.8434934,5.866103070137233,0.919837769,3156
323,1,150.10694781312367,764.5401536151461,3139.471563595323,520.2635535775667,3680.677624,1931.2257771825116,3.551156262698936,30.960035824574696,6331
324,1,606.6481184377038,768.2449146210372,1710.8179566467925,2496.08614,4361.157344,2555.0566971048847,3.549067556137564,99.23244096811193,693
325,1,313.4769779265944,795.6864205839158,2368.795033306052,1454.2391869605706,3637.748983,2556.077740768216,9.627868804,33.73344173868291,6897
326,1,0,1664.1809891578957,3203.8132580045344,1504.1093610124367,2675.5214438852117,866.1490065228768,8.209677413114084,0.511360855,6715
327,1,315.1564055070836,834.2077779796809,2394.606197931763,654.6589824640398,2552.2116077415612,850.0246769255316,5.927158288241891,82.06231342484287,5934
328,1,160.76337933475475,939.7657225577025,2719.054933706813,1236.5022772374728,3015.419768495276,1211.2547896856765,18.104369160669116,58.07051784042975,7304
329,1,379.5960773722782,1328.3791341288436,3107.668345277954,1127.3775747082036,2805.1394490646658,1008.3052123767134,4.409605819412088,82.29068729116949,6715
330,1,408.8312298935542,877.2287421545183,4240.692382242608,873.9202483760679,4240.53191,2711.1251762605802,4.500430777740243,5.623720467113134,2392
331,1,267.57561016345926,327.35793793888706,3830.5492097062884,1361.8702543870327,4457.685650876539,2708.2338036623405,3.090176007,2.935659446393907,6331
332,1,497.3348118206531,492.5026002577388,3917.2719314605397,1075.6437249931944,4442.255386267244,2709.026145047728,6.984160571402989,2.650195068892916,6331
333,1,581.8829615412594,908.3280371388687,2295.1476115871546,1895.0583288147045,4327.328972,2652.9062180387227,7.001904272377193,11.608028973260454,6897
334,1,615.5309219636555,941.9759975612646,2476.579640583458,1861.0446991039844,4360.976932233095,2715.277240918439,6.703084963310237,1.155798302190581,6897
335,1,84.04763350450517,564.3123203191159,2379.4431291146857,384.76352480347487,2874.006227657366,1309.1831910945332,8.617866432913072,56.97174536,5934
336,1,87.55946974388385,542.7404040388733,2394.1236349986484,363.1916085232323,2842.4829389146084,1140.296008098578,8.621726885047117,5.023792947895622,5934
337,1,287.02139681180824,855.3094062,3858.7410598615597,1748.933585713406,2023.5838595173423,2073.871160731709,4.850900024,0.206554614,6159
338,1,292.36205718938567,523.7527462467895,3420.7687269757566,896.4546198638427,1966.6575098663695,1471.0375997967262,13.38092821130181,35.921695577854116,6159
339,1,418.0775633653393,947.2644677880795,3762.205929267837,1183.7271108696918,2004.2845959576389,1508.6646858879953,7.302645283372493,16.76019197,6159
340,1,353.93263324876517,1610.8804817192681,4392.278533179518,1729.9375723252738,2317.2483226398463,1535.685339517643,6.400777273233957,7.889897278,5934
341,1,0,904.2032235208595,3719.144685000617,1140.6658666024719,1586.2070325922998,1090.5871225226565,5.473331743061367,36.678497142148025,4669
342,1,41.931071228050385,329.3357629704311,3110.733814430682,448.39285357643706,2133.9361677475476,1418.284355860114,6.063564263931889,14.16839876998558,5934
343,1,220.13639993114526,816.4433618611665,3597.8414133214173,935.5004524671724,1875.1959907334628,1093.6330076112586,6.668870212634782,4.109546960268776,5934
344,1,41.931071228050385,329.3357629704311,3110.733814430682,448.39285357643706,2133.9361677475476,1418.284355860114,5.408693965076992,13.57988862385329,5934
345,1,0,287.40469174238075,3068.8027432026315,490.3239248044875,2175.867238975598,1460.2154270881642,4.571292131342964,12.654487056322072,5934
346,1,100.69046475026114,495.2212083728357,3276.6192598330863,698.1404414349424,2049.0890143490547,1357.8188303198112,6.166894818867452,2.892576251094718,4669
347,1,367.5485323496255,460.7540240335941,1800.4869311081793,1577.5771990504452,3860.4324683757786,2158.2455375597474,8.380731879076249,53.95218497139731,6897
348,1,0,1204.090405123993,5121.761910089259,2571.137536182583,1213.3724734188052,2292.460438525983,17.431941416721923,21.422551289235166,3582
349,1,132.76915921643217,743.0956139167163,4835.129481091226,2534.2739500571006,1084.0321067159186,2254.6002365406075,20.34163031167393,46.56023782639142,3582
350,1,132.76915921643217,743.0956139167163,4835.129481091226,2534.2739500571006,1084.0321067159186,2254.6002365406075,16.52817707677946,46.397509970901005,3582
351,1,61.57811083687403,1023.5715046757919,2799.903818071071,1420.6904724616772,2806.802136015089,1002.637157,7.064539275206575,3.142565198258723,7304
352,1,0,494.2024148306625,3355.6994719670365,3355.6994719670365,4477.088131832564,5482.540056885117,3.840931117252004,7.427549874028466,5778
353,1,49.89125416488907,730.9724405287794,3060.714354469665,1920.5259709909553,4343.497755698946,2539.332776889346,1.739942125641878,8.232477353565288,6331
354,1,415.9670887774717,459.5704523401373,4098.581797276245,560.7423755558266,1567.678395807059,823.2772018780524,3.471615641,86.71706998514996,3156
355,1,360.9418035667058,651.9157922108313,4313.842206015508,1046.0537763402922,4476.965431758363,4552.539806350489,0.980304221,8.581606956534252,2684
356,1,371.61349661603833,262.4339679299509,5030.115646282766,2524.295258,1651.8771344474885,2653.2232487484575,5.691366695674124,0.355124801,6303
357,1,100.26537864967744,1085.669847287676,4115.243413,2048.007705,1836.8278413552107,2372.9452796592336,6.870733394927612,10.029419675750862,6159
358,1,351.5833596958981,849.3186398,3979.4265511867034,1980.106813799365,1800.9313058212829,2688.242952894513,8.068139716021106,78.75208066991432,6159
359,1,792.7907445815464,873.1467806960326,2965.248128362779,1323.0512671741567,4464.976284111678,3203.945729,7.445269518600197,66.96517497681282,5261
360,1,539.062127,1294.212137,4867.883523300015,2162.0605399338556,2267.1252192700504,3271.6726307509985,14.916788714893116,68.03087179264813,904
361,1,443.8244140109445,918.5137896881964,5552.8526621353085,3040.4396383178464,0,2904.5964535222192,14.984149761938028,18.444611048971247,3582
362,1,443.8244140109445,918.5137896881964,5552.8526621353085,3040.4396383178464,0,2904.5964535222192,20.830867720906593,21.958889052614484,3582
363,1,154.63092433587394,680.8524154274589,5129.7071793276555,2847.3632697385506,611.0101567112421,2750.0946894043363,13.040314193468427,18.731590712563243,3582
364,1,154.63092433587394,680.8524154274589,5129.7071793276555,2847.3632697385506,611.0101567112421,2750.0946894043363,13.062657915739655,18.772755693374574,3582
365,1,253.79836087350475,971.4304484166976,5137.848628422124,3446.5874605689014,1889.9442381048943,3378.1281841709856,5.115456431892039,59.200993536855094,6263
366,1,NA,NA,NA,NA,NA,NA,6.496895821238168,44.23079001656526,6263
367,1,421.8161248755422,822.9418724742281,5603.708907598457,3236.389173976113,1131.9654962566701,3271.050028949764,4.638123063,28.21576595829051,2493
368,1,989.5161273,1049.2984550355638,4552.4897268029645,1674.673350373636,5179.626167973215,3430.1743207590175,3.623935403606498,20.879087310821653,489
369,1,NA,NA,NA,NA,NA,NA,6.165770731995556,7.535087285429546,1906
370,1,NA,NA,NA,NA,NA,NA,6.081860700230563,7.640628906237695,1906
371,1,92.89784358406096,419.34291918167014,1953.9465622038636,1406.0732108575057,3838.3438538535015,2192.644162538844,11.84316551,2.173178565633202,6897
372,1,175.9281426625293,567.8803986612917,2329.1355820676754,483.2637571145591,2915.534400110555,1605.9227567335167,8.104932729170562,14.322889244556464,4302
373,1,178.44854092059575,512.6008904639134,3293.9989419241642,631.6579810699194,1995.7125660369106,1280.060754149477,5.055149519,73.77655566195251,4669
374,1,159.5091362538711,1111.9150953030219,4438.800748828781,2266.8507672558007,1468.7946569810804,2096.471705181251,5.622963419406577,23.316620151998517,6159
375,1,102.28893840786367,97.45672684494933,3686.5783789812144,964.0992426216771,4227.784439782604,2478.332592568403,13.702531916985407,69.57350445660282,6331
376,1,266.62053014264717,430.98865436443583,3572.800943055201,842.0655171,2928.134974696894,2192.8384621516952,0.725749204,35.46773419724873,5466
377,1,305.2138219822915,184.5580262179407,2770.786882998503,1652.3997040689112,2991.0232202077054,2775.199795228811,7.191141389978967,144.40956721658145,5585
378,1,16.106590855742365,1326.757237683484,1649.7131930397484,1326.757237683484,3646.0517132609343,4190.513544254751,22.146453968687013,0.871543909,3216
379,1,0,1314.9027937187689,1637.8587490750333,1314.9027937187689,3634.1972692962195,4178.659100290036,3.611206494033399,7.490881689089184,3216
380,1,77.76738796,1079.9050757270397,5334.154046292676,3257.6833708518216,1729.6528284876463,3189.2240944539053,10.06558568297645,49.73669579128936,6263
381,1,227.31271127012866,1229.4503990323017,5483.699369597937,3375.781425611707,1831.9336422802187,3307.3221492137914,7.358353807890051,85.44992152397796,6263
382,1,279.21896343512685,975.6480070447109,4575.067837087093,2403.117855514112,1332.5275687227695,2176.2359789508014,33.607802662746565,68.40979051777532,6159
383,1,78.24330398252953,571.3705436734541,3416.9332053068615,1130.6706198845623,2256.602062797412,1751.4551078245581,3.959318134671843,8.389895099527656,5466
384,1,115.45383086274225,336.35631580834854,3694.397719302406,906.9373176351255,1968.0188836549812,1420.8495581378309,10.18820393954749,1.277860044960171,5466
385,1,305.75855965926485,798.8857993501894,3470.470360916335,858.3332210093452,1984.2646639221955,1622.9807870320176,2.489765821679379,86.36172421154681,5466
386,1,209.1910278593327,430.0935128,3561.765623809177,1231.5821763572005,2292.6637423770558,1622.461521133515,7.948342553284695,50.70318021515915,5466
387,1,231.89600985694173,317.61310421592157,3670.224980341139,1178.1005934552952,2208.9829054933316,1509.9811125444971,6.588553100538812,31.851912171013502,5466
388,1,389.48231381256335,303.7652194535835,4273.7542547931225,668.9609805714069,1921.3981126201613,1039.5764816341707,7.555147072056369,35.59001404522887,3156
389,1,389.48231381256335,303.7652194535835,4273.7542547931225,668.9609805714069,1921.3981126201613,1039.5764816341707,7.671702489216781,32.18342751260807,3156
390,1,115.71474829004919,1077.7081421289672,2854.0404555242453,1366.5538350085021,2860.938773468265,1056.7737946586653,8.49927728,0.980764463,7304
391,1,49.62619053253453,1090.6489035178436,2587.721166933379,1632.8731235993687,2780.160562371793,975.9955835621936,7.326216151908075,6.317141125424606,7304
392,1,521.7969782824241,581.5793060578519,3962.6251730531767,1616.091622505998,4681.829380074591,2884.995143386638,6.765981230945904,69.87651586671154,6331
393,1,702.4746645708253,762.2569923462531,4200.876160139052,1796.7693087943992,4892.584705283906,3123.246130472515,3.999594904976406,26.429688113144362,2601
394,1,64.11901669770265,149.83611105668248,3894.237497,906.0318586874555,1912.9678789386878,1215.2956777552174,6.031474886735887,92.37222025007594,3156
395,1,85.71709435897984,0,3969.989035339538,860.4874892393739,2027.2488481471962,1192.3680083285753,3.902738277182376,147.09461965054322,3156
396,1,NA,NA,NA,NA,NA,NA,63.65818860414673,61.983562119493946,2
397,1,193.9028388033596,593.4885468064047,7765.988132969677,309.9747647440281,6754.397015292102,186.69676722448494,69.65954988,22.904339992214634,2
398,1,65.2914999,856.5728333392469,8029.0724195025205,65.2914999,7017.481301824945,65.2914999,57.899579309408566,25.319561936637314,2
399,1,579.0082959005379,574.1760843376235,4028.8939000281202,1166.9035701449588,4533.515231419008,2820.6481136153093,4.067141446994463,43.12365440802642,2392
400,1,491.2722594869348,507.2055147563487,3673.901178551816,1899.583096419901,4090.609833742163,3262.5779009767853,4.407876504312345,11.84086494234146,1900
401,1,41.670569300463534,1283.8807383344906,4841.536626992603,4841.536626992603,3934.0574251870707,5264.716599,15.553776723990971,45.42950572792533,4282
402,1,248.32909496679997,853.9391873315382,4080.1902473158543,713.4181134493136,4080.029774723366,2550.623041333826,7.456536723371843,107.26285211852482,1900
403,1,90.20821922638493,695.8183115911231,3920.6554146650096,499.1784951517498,3865.7901564258013,2336.3834230362627,3.776756535625136,41.88849891324544,1676
404,1,249.80793386805527,493.21269747225875,4235.780947842726,2478.394285,2312.779289173613,3311.8742229063655,9.914970931772057,53.935685441659516,5321
