"ID_unque","DependeVar","Eating","GasStation","Hospital","CarRental","NSStation","BusTaxi","RoadNetwor","PowerNetwo","obsvalue"
179,0,630.669713632319,1810.17673436583,1625.72157170238,3532.90068280062,5496.76943626621,3692.60445745662,56.0532099146973,95.0803869792626,151
14,0,116.071925940669,903.463311550433,8075.96289771371,0,7064.37178003613,170.920180636825,153.067838662934,125.698105757886,NA
195,0,124.725502541565,1304.23252327508,1045.56045636492,3026.95647170986,4990.82522517546,3186.66024636586,8.344616801,87.0336498419943,398
306,1,372.529041226248,655.603437722863,5468.06219610069,2737.28322372915,1624.06879767365,3512.37745588541,3.828897701,10.3105990508329,2493
118,0,1492.71060635339,1703.31843643201,3439.10062284539,3095.69601809556,5286.722755,4458.69082265244,11.7470853506373,7.71148061108015,452
299,1,1777.02759478258,1001.69423000248,1545.41381463708,1545.41381463708,5956.373681,6961.82560648122,4.52797177653007,61.4158541578875,3031
229,1,0,902.923678876824,4166.2496436932,1994.29966212022,1386.60301844211,2369.02281031683,6.92164056556309,1.80124966104555,6159
244,1,1124.80395305587,1644.72128391271,4717.14037402977,3288.82600920347,3095.63059192761,4094.72552566036,9.02241030956682,66.20484165,4282
403,1,90.2082192263849,695.818311591123,3920.65541466501,499.17849515175,3865.7901564258,2336.38342303626,3.77675653562514,41.8884989132454,1676
374,1,159.509136253871,1111.91509530302,4438.80074882878,2266.8507672558,1468.79465698108,2096.47170518125,5.62296341940658,23.3166201519985,6159
153,0,76.25070041505,1296.65729141369,3434.91143407445,1179.64015932462,1859.09550210033,240.210173100103,25.3743678373894,31.3637306811486,6715
90,0,1285.53741231067,930.746533135165,4534.44503683898,2339.35577537982,5770.26743079789,4828.46552739709,22.2291737841059,81.82644548,1556
91,0,223.415505163451,1059.28513149517,4668.60399623238,4668.60399623238,4467.08402999077,5134.969572,8.56344720217398,40.1063907095705,1703
256,1,841.412749224124,1024.64294358308,2353.94212116231,2131.98998876408,4413.88765842991,2711.70072761388,10.4161524985927,96.1667774066779,6897
197,0,1253.6780201407,2203.83822195942,7109.06134456901,2499.14872824577,5109.60866547287,2993.28248796409,28.6424800885307,35.2521465302808,4481
392,1,521.796978282424,581.579306057852,3962.62517305318,1616.091622506,4681.82938007459,2884.99514338664,6.7659812309459,69.8765158667115,6331
348,1,0,1204.09040512399,5121.76191008926,2571.13753618258,1213.37247341881,2292.46043852598,17.4319414167219,21.4225512892352,3582
137,0,1103.60528711642,1507.23023619251,2150.33971736134,1796.07166235917,2712.64368818202,3492.41579874986,7.29509567449638,273.236508114176,208
355,1,360.941803566706,651.915792210831,4313.84220601551,1046.05377634029,4476.96543175836,4552.53980635049,0.980304221,8.58160695653425,2684
328,1,160.763379334755,939.765722557702,2719.05493370681,1236.50227723747,3015.41976849528,1211.25478968568,18.1043691606691,58.0705178404298,7304
26,0,NA,NA,NA,NA,NA,NA,12.6997043722706,10.3563270073565,6715
7,0,NA,NA,NA,NA,NA,NA,41.6375380096669,370.022709649045,NA
387,1,231.896009856942,317.613104215922,3670.22498034114,1178.1005934553,2208.98290549333,1509.9811125445,6.58855310053881,31.8519121710135,5466
254,1,0,369.963104017068,2566.90093502045,190.414308501427,2679.65701135532,1313.07330812038,5.67938566931446,0.527433171,5934
211,1,632.300800659565,500.4520208,2419.35522948486,1983.11154058225,2029.37228928147,2794.00581,16.3141214857556,17.0201813301081,208
78,0,412.197960685296,2700.33901796701,2283.58394307833,2283.58394307833,6101.40646354456,7575.05712495075,1.44420964313315,5.32807868068452,1198
81,0,382.926982075552,697.329124100816,4150.1070600724,1583.61076815086,5081.06752537479,4388.80466040738,5.01196530060714,70.5209728941955,2684
43,0,607.08797160767,790.318165966621,2119.61734354586,1897.665211,4179.56288081346,2477.37594999743,15.6318644899108,10.3734262934665,6897
359,1,792.790744581546,873.146780696033,2965.24812836278,1323.05126717416,4464.97628411168,3203.945729,7.4452695186002,66.9651749768128,5261
373,1,178.448540920596,512.600890463913,3293.99894192416,631.657981069919,1995.71256603691,1280.06075414948,5.055149519,73.7765556619525,4669
332,1,497.334811820653,492.502600257739,3917.27193146054,1075.64372499319,4442.25538626724,2709.02614504773,6.98416057140299,2.65019506889292,6331
143,0,1241.11162669408,3003.08337267584,6976.26590793317,3298.39387896219,5908.85381618929,3484.27377215024,4.57829673189235,7.81414038511016,1574
32,0,767.483074659926,425.610449082953,4536.98062759804,299.428658791457,3372.23031830451,4445.99542904773,1.66856368995294,9.596699009,120
109,0,664.0794061,626.153268407754,4940.17511137204,3468.2132551465,2962.14928947748,3600.64530194,18.2454942374186,35.1546057316759,4282
263,1,328.7528915752,973.798021985954,4922.9885762481,2257.58506186783,1184.91644964192,2248.70380648263,5.69731145851991,0.023371217,7328
330,1,408.831229893554,877.228742154518,4240.69238224261,873.920248376068,4240.53191,2711.12517626058,4.50043077774024,5.62372046711313,2392
23,0,63.2901211123203,1066.20336648501,3334.55382626057,3334.55382626057,4823.71019449929,5865.36707292855,2.27917269926216,98.5427358111268,4980
309,1,424.183410751482,715.157399395608,4377.08381320028,984.436703144314,4415.34835856238,4615.78141353527,11.6340940396677,45.8673328276558,2684
135,0,2360.9405527785,840.4183271,961.500856641156,961.500856641156,6443.30333476753,7448.75525982008,16.9567155582677,14.4825728747383,46
367,1,421.816124875542,822.941872474228,5603.70890759846,3236.38917397611,1131.96549625667,3271.05002894976,4.638123063,28.2157659582905,2493
224,1,306.945676897687,322.626685907697,2718.69635415533,452.859822752914,2632.32059324595,1664.51914766427,7.92073601143198,37.9368982086645,5934
166,0,148.858852644968,822.6346949,4771.825249,2077.6910229376,1171.78569695436,2206.61901382305,42.5392945923295,25.6528898263394,7328
217,1,239.749554375238,1172.04099190869,2951.330203,1242.51902892331,2908.70486568495,1111.87062899699,5.6486987465831,81.503227366678,6715
290,1,607.185502402015,361.795394744263,3162.26996317958,3162.26996317958,4629.12477123686,5634.57669628942,8.04163966190536,18.8956884628296,5778
69,0,17.4834858608159,295.858305253135,2882.0871620337,1532.77929811719,2720.159703421,2508.11162151695,12.6635402216278,67.1948065393265,5585
72,0,1024.20443312667,1752.50904540119,4489.3773075698,3953.08030918787,3502.15962212446,3807.19659154825,25.70629328,20.2895012069497,1703
76,0,126.858254777904,616.16237656241,4330.18822142409,2601.34396435481,2435.72896826376,3434.82390199652,0.417661517,64.8999530098756,5321
63,0,897.256117763807,1211.59622414007,2801.02024252157,2478.064287,4257.64864316467,3753.01336976974,6.95169160161368,112.606339649203,1763
141,0,1196.24260323409,1485.90801889642,4965.51444140002,1661.3316217166,5027.943283,3498.53654960111,17.1914834211867,109.42323301867,2392
210,1,114.744174629011,730.1168177,1856.11203912263,1533.15608376637,3740.60406072739,3407.69791010009,5.82061332948726,48.4520014134027,5585
353,1,49.8912541648891,730.972440528779,3060.71435446967,1920.52597099096,4343.49775569895,2539.33277688935,1.73994212564188,8.23247735356529,6331
347,1,367.548532349625,460.754024033594,1800.48693110818,1577.57719905045,3860.43246837578,2158.24553755975,8.38073187907625,53.9521849713973,6897
394,1,64.1190166977026,149.836111056682,3894.237497,906.031858687456,1912.96787893869,1215.29567775522,6.03147488673589,92.3722202500759,3156
294,1,825.259424181522,889.720023333376,2605.6139932165,2605.6139932165,5066.60319661243,6072.05512166499,5.50759136246184,10.8432162431695,5778
277,1,29.8923419500684,851.973754942907,3633.37180640316,971.0308455,1649.05788720096,933.40607531353,12.9508704454984,18.4011394198618,4669
41,0,898.48428070087,730.955128686718,2470.60859221605,2470.60859221605,5064.58559371313,6070.03751876569,14.4483704490052,10.1241531997339,3031
393,1,702.474664570825,762.256992346253,4200.87616013905,1796.7693087944,4892.58470528391,3123.24613047251,3.99959490497641,26.4296881131444,2601
316,1,491.127940673563,1626.66300788064,4585.86324632627,1360.34787454611,977.173611296193,1976.26854502895,3.14100960336007,26.896262885197,1006
223,1,0,416.413483057938,2757.31524352188,0,2582.32902132399,1503.48761662181,8.009921536046,2.85130051533937,5934
16,0,203.878815632539,1440.76292131916,3810.89692982888,1242.46957976416,1480.79641632953,607.114381201351,19.2233982460189,8.34707551923233,4669
116,0,707.1628299,1107.7736417366,3114.51362790978,3114.51362790978,4907.84241444739,5906.93734818014,29.5387955238405,152.656703551754,4363
94,0,11597.1910097421,12465.8204531436,14487.9708823728,13157.3810477726,16588.2927031907,15402.6009221469,18.3816152414814,162.191713276144,NA
262,1,375.8605311,1627.57842466334,5256.791403,2456.41998313629,985.467812733055,2225.1649458322,2.58562513945192,10.7153119165039,7328
235,1,85.2413556284613,570.037646089253,4528.9612855067,2315.15349556672,1106.07724714778,2694.54318906018,4.27817884612252,28.0393122670828,6159
86,0,263.014163052392,2558.72702685012,2203.10459382144,2203.10459382144,5913.19950625746,7308.42775437154,19.9425246969541,111.646780265122,4919
39,0,1870.20761842593,1889.53233897618,7345.34440015009,2378.74323127149,5345.89172105396,2245.00937123523,11.0801497959694,18.8343878284511,2224
159,0,1911.39857392328,3472.11994181729,1342.36796710074,1342.36796710074,6281.65689624194,7872.73722665853,12.6374428000256,28.2542855730183,1198
240,1,0,549.014278129829,4985.19979368799,3459.18414847268,2233.26787233547,3588.11213935812,9.96618969337116,18.3381995843648,4282
209,1,738.490633380571,211.117432476122,5158.68344331871,2489.19305052283,1315.11533071123,3203.423988923,2.82722701092576,93.71019877,2493
401,1,41.6705693004635,1283.88073833449,4841.5366269926,4841.5366269926,3934.05742518707,5264.716599,15.553776723991,45.4295057279253,4282
34,0,976.0835869,1581.6936793139,4774.69365535361,1278.93671037917,4628.38466774881,3115.2893940775,68.9469140384857,65.1504621375337,2392
4,0,828.227019111879,0,4076.14632365065,265.709576558371,3198.41640571005,3985.16112510033,16.5906478375197,9.93313605504746,904
13,0,445.896968315688,1581.43203552277,4540.632274,1315.11690218824,931.942638938318,1931.03757267107,2.44495915563352,123.352804375855,1006
360,1,539.062127,1294.212137,4867.88352330002,2162.06053993386,2267.12521927005,3271.672630751,14.9167887148931,68.0308717926481,904
243,1,579.238979422062,1104.90265809086,4171.5754,3090.08424588326,2924.46924979221,3923.56418352496,5.15239088906983,27.9412563040566,6486
308,1,69.4818496248753,360.455838269001,4022.38225207368,1246.73748231904,4707.040713,4261.07985240866,5.170392624,17.4269171709609,2684
278,1,17.8885438199983,2115.12837045934,3152.10885633781,2800.66498345179,3289.57312474262,4296.54881,14.0084001606417,15.5754028279527,208
89,0,668.834246912156,1804.36931411924,4763.56955256487,1538.05418078471,1154.87991753479,2153.97485126754,30.0762295328432,41.7800163050383,7328
25,0,620.537402491448,896.312992095676,4731.00663702763,3945.48946932802,1986.77347040007,3969.11942317339,5.05395001110498,8.26867068272312,4269
291,1,181.235095690258,564.840373179623,3142.70489837556,3142.70489837556,4422.57886812117,5428.03079317373,9.30886076943358,9.27657123668814,5778
286,1,678.479680510156,577.251617029818,2690.10091387494,2690.10091387494,4844.58099352242,5850.03291857497,5.09745218496896,56.0018825124602,3031
338,1,292.362057189386,523.752746246789,3420.76872697576,896.454619863843,1966.65750986637,1471.03759979673,13.3809282113018,35.9216955778541,6159
121,0,NA,NA,NA,NA,NA,NA,137.030896461074,33.1936667818206,4
110,0,700.599482898694,953.973965366931,4087.06257221362,1918.60621784553,5316.18899837227,4360.86031650557,62.5459488314675,266.985902540421,1906
158,0,1691.42855758662,713.525699406314,2515.44488315593,2515.44488315593,5479.81359831186,6485.26552336441,11.047299846859,6.68923721016372,3031
64,0,1175.93904858643,966.071511340762,3806.12806620316,966.071511340762,3711.86041186842,3715.14286765284,37.3016277597833,48.2104203718084,904
199,0,289.116435703628,870.52628119014,5144.65502842278,1388.2873616421,2412.95890139845,3737.27261897554,19.2683247443251,94.352485840307,2740
67,0,744.6185626,1998.65088812688,4055.23640862683,4055.23640862683,3372.386209,4040.27175135625,2.3964328359637,4.59741183715502,1578
151,0,309.128963117521,1725.08708867309,4330.40577178599,956.763833858737,644.908588209305,1085.69182474419,20.217958205133,9.10623450666595,4669
85,0,1867.63420372192,1682.43195109808,4771.61031627591,4771.61031627591,2600.94574078627,4870.13158675622,16.5693991592194,18.2310179404166,574
165,0,985.272183793963,1094.47825092108,2882.66286110255,2882.66286110255,5226.61595622487,6232.06788127743,21.847314843411,72.27219809,5778
136,0,884.890489532711,1123.99526304676,3303.26687823568,1611.71848829542,4974.07741706143,3594.088254,11.7479921433313,9.28853052843513,1906
51,0,1228.9532727679,1543.29337914416,3132.71739752567,2809.7614421694,4589.34579816876,4084.71052477383,54.0016155576915,54.15375295,1763
74,0,82.2746524527438,1461.77326640017,4117.249556,954.350770246648,508.559920984699,1507.65485471745,0.82661578,12.5617347626638,7328
178,0,827.117917770473,2169.57473615406,1986.25466236571,1986.25466236571,5386.380375,6903.43934465814,5.23287039712968,39.742614366896,4919
236,1,321.907456460256,552.1393169,5364.5980752316,2696.60998948323,1520.60467680457,3408.91333501633,4.56014328449515,6.14357558259431,2493
98,0,505.411064617245,1578.71641212892,3740.84762507997,779.352113249132,3268.386351,1553.2547710578,23.4119784098411,172.280116319741,1676
214,1,NA,NA,NA,NA,NA,NA,9.245232078,9.13615605088249,3156
127,0,1021.10144182062,1535.63606588438,2762.46930631424,2439.51335095797,4546.12330895383,4213.21715832654,45.3539134627433,39.8476933105933,1763
212,1,200.223543920726,1801.21470635744,3365.07237034237,1410.90823936157,1483.26517753097,2367.26369293946,29.1994493780132,74.4284160565747,1006
174,0,555.252835394675,1051.54891916407,3526.38908266652,2443.92650082763,4221.37130178927,3677.1253345468,62.5602610400597,29.2087170781589,1763
273,1,239.082530563776,1562.77813617792,4552.08221553634,1178.44027760909,866.585031959659,1165.83436452171,7.03611831868118,32.8492687830359,7328
302,1,389.16207422356,189.5032728,5411.28552442709,3920.25836924022,1108.01706251341,3813.48415306542,7.1571590683467,55.0580935626328,6263
232,1,720.154609813666,422.063408746886,5141.98033379926,1989.99813053394,1414.49654324638,3186.87337473185,13.5891217592854,87.0502610984452,3674
369,1,NA,NA,NA,NA,NA,NA,6.16577073199556,7.53508728542955,1906
280,1,119.87246646502,371.2837208,2091.48076442713,779.064366242108,3211.3350092381,1901.72336586107,16.1302574312353,2.9264033514036,4302
113,0,2403.62964494332,785.9537138,2257.83343724681,2257.83343724681,6357.82400678232,7363.27593183488,7.81367326693524,14.9045895628927,67
107,0,164.556010787491,NA,NA,NA,NA,164.556010787491,78.8424294279548,60.4470710752034,798
354,1,415.967088777472,459.570452340137,4098.58179727625,560.742375555827,1567.67839580706,823.277201878052,3.471615641,86.71706998515,3156
154,0,763.343314206949,1100.62490053637,4036.07387503286,3676.54422483906,3511.49761974431,4516.94954479687,38.6880066659243,54.2264429169571,2963
102,0,200.725569327149,1103.41484149837,5496.52944511048,3110.13746151832,1568.69261995417,3041.6781851204,6.03870063108095,71.0096978367205,6263
255,1,204.528643077168,1319.469065,4349.04263065435,2281.80692200765,1811.55515284347,2249.50800851047,8.02589203772005,78.4087956687498,6159
160,0,1264.81198343488,477.420597825112,7736.04625885474,1380.88390937554,6724.45514117717,1235.00019173593,28.3203108671832,73.0295554518501,2
155,0,0,2996.8520636722,4520.58312076615,4022.539428,6460.30330263892,4814.60361132426,45.3290018646377,105.215851325977,167
5,0,981.456376741484,1644.21745782562,6828.73172896239,3368.57893379571,5817.14061128481,3222.69521615609,1.66148123366929,246.20188179605,11
272,1,10.6421488926136,1317.83266997701,4733.78805488707,1995.9612666044,1634.28426503295,1716.28755308791,11.0391917894134,16.7420243808505,6159
399,1,579.008295900538,574.176084337623,4028.89390002812,1166.90357014496,4533.51523141901,2820.64811361531,4.06714144699446,43.1236544080264,2392
350,1,132.769159216432,743.095613916716,4835.12948109123,2534.2739500571,1084.03210671592,2254.60023654061,16.5281770767795,46.397509970901,3582
55,0,1332.5594234723,1947.25984653739,3882.7182887891,3882.7182887891,4221.13444452047,5228.11012940313,13.0591266416194,76.3064943553223,32
238,1,0,815.950788754747,6082.41839657377,3314.14555210646,917.756603380215,3207.37133593166,3.55607873789621,15.3652017529141,6263
252,1,594.040531007873,2283.2542176198,2625.99282665775,2625.99282665775,4407.73892958246,5998.81925999904,7.83290236017857,10.5676158221557,5981
339,1,418.077563365339,947.26446778808,3762.20592926784,1183.72711086969,2004.28459595764,1508.664685888,7.30264528337249,16.76019197,6159
382,1,279.218963435127,975.648007044711,4575.06783708709,2403.11785551411,1332.52756872277,2176.2359789508,33.6078026627466,68.4097905177753,6159
226,1,0,936.615295556952,4854.28680052222,2448.18332987448,1090.4182671107,2169.50623221788,15.6982614372568,1.66422517368108,3582
48,0,2495.89031919981,2514.4311487776,8247.64358852623,5255.117569281,7236.05247084866,5109.23385164137,11.8083012955624,47.8853429336932,4
77,0,1297.49972487215,1661.27443897533,2430.96846339606,3392.29701012863,5361.87030937061,3557.70533056102,41.5519653073122,81.7879017452212,151
83,0,222.548172066434,651.498601247603,5463.95735962543,2766.17116273731,1529.58421326883,3508.27261941015,1.55351576805133,4.27262937569788,2493
184,0,465.334614086489,1600.86968129357,4560.06992,1334.55454795904,951.380284709119,1950.47521844187,31.6334088084432,66.5015712420862,1006
283,1,512.242922859055,566.113987631842,2829.74765933858,2829.74765933858,4753.58669528997,5759.03862034252,7.21923320954122,44.5402426311499,5778
196,0,1383.44082075649,1198.23856813265,5081.05640392966,4736.57737909164,2116.75235782085,4668.11810269373,1.84211283194447,2.74720832832557,39
257,1,289.657111211168,1117.17803628391,5585.4609869945,3021.2059196343,1479.76107807015,2952.74664323638,6.35644373262283,12.7915735524086,6263
168,0,361.115616310162,194.798561884793,2305.15559427564,2107.13561966833,4087.16887,2283.00389119905,29.7227217721718,69.6396895448681,4227
343,1,220.136399931145,816.443361861167,3597.84141332142,935.500452467172,1875.19599073346,1093.63300761126,6.66887021263478,4.10954696026878,5934
20,0,418.72308951422,3415.57515318642,4939.30621028037,4441.26251793014,6879.026392,5233.32670083848,46.4299179448833,150.090604029909,167
402,1,248.3290949668,853.939187331538,4080.19024731585,713.418113449314,4080.02977472337,2550.62304133383,7.45653672337184,107.262852118525,1900
164,0,653.516452961964,853.1752544,6259.20376555511,4484.20681033784,1443.76717201999,4348.36362554221,1.70729663496797,2.79338427648456,39
52,0,2217.68737979013,2236.22820936792,7965.72177771985,4973.19575847462,6954.13066004228,4827.312040835,28.2789313424285,19.6590666769335,1703
22,0,0,1132.75282145484,1787.05442882529,1398.12050932044,2661.67308994103,3426.30661046419,5.74585890756612,4.78995001980321,3216
177,0,3062.85219023189,2579.5261092559,6673.86954640343,4116.67055330104,7547.58220871911,6912.56714673841,9.39335174217563,14.0746770683811,1906
42,0,244.772255509641,185.570404201113,4520.86796074391,3746.82933011209,2685.97277929877,3875.75732099754,18.0286920079615,34.8995265265162,4282
84,0,247.560557053486,638.152872462627,5450.61163084045,2786.43743243526,1554.59659825588,3494.92689062518,6.34612286078324,37.5748702125887,2493
11,0,681.983296373808,652.932532000302,2869.18954721261,1122.88794106438,3049.84516947661,2360.77480209758,15.3400814015821,45.8963368288733,4302
322,1,87.9745979410872,1137.42121836496,4237.802951,395.9019079,1345.96767448089,879.8434934,5.86610307013723,0.919837769,3156
315,1,331.89771423418,550.524783964864,3055.81171566451,1267.50626146059,3775.01592268592,1978.18168599797,3.06500013136991,81.3547194014841,6331
194,0,847.505032464153,1595.44755733784,3373.18054809154,3373.18054809154,4231.4901418031,5238.465827,108.010443207502,287.606742812125,32
297,1,591.482371016263,1047.73129132023,2998.41897001201,2998.41897001201,4832.82614344718,5838.27806849973,10.0011191545112,140.486834681672,5778
279,1,237.634246875678,934.524456247445,5715.29149137167,3052.20729597625,1243.54808002989,3382.63261272298,6.00382790727201,16.5425433256506,2493
198,0,172.849450408522,915.8700817,4239.38340638244,2413.87421505814,2220.67879778228,3219.77373151504,12.891312600621,47.7959015697637,5321
249,1,145.792242493264,1134.80732961019,3796.56663281693,3796.56663281693,4057.48910339491,5062.94102844747,10.3061422986953,12.4170806339458,2963
200,0,92.1354151746053,1051.75135531343,3665.90760263942,933.4302325,1005.78717064836,1889.78568605685,1.68311997355265,181.857436260666,1006
172,0,326.759197658525,1542.1460822611,3106.00374624603,1493.33408887235,1565.69102704175,2449.68954245024,19.8704655126033,31.8361347827444,1006
292,1,924.721347529796,789.810714131342,2549.92808200569,2549.92808200569,5090.28273319571,6095.73465824827,10.5695294189609,99.3747020913166,3031
250,1,836.227784243764,1063.02299670709,4428.56420521766,3347.07305070496,3181.45805461391,4180.55298834667,3.92950536796904,72.1838624664537,6486
36,0,1164.64353683357,2724.29985710521,6183.78148046265,3169.68554679661,6737.24854634104,3035.95168676036,2.41726667423996,50.3874392083907,NA
173,0,964.74646837529,1812.62656748196,3730.53008469796,3730.53008469796,5010.67412880584,6341.33330251865,5.69258525284269,43.1903536923176,4919
142,0,731.840943163153,585.252320561007,4074.8774886835,646.869389050906,4077.78104446898,4313.57508901848,13.4278214467714,17.9811030615015,2684
245,1,798.203445223187,798.203445223187,3852.9100046029,3852.9100046029,2930.9443860996,4618.97433547121,5.3715494184302,6.46257094764985,4269
345,1,0,287.404691742381,3068.80274320263,490.323924804487,2175.8672389756,1460.21542708816,4.57129213134296,12.6544870563221,5934
215,1,344.66997,1477.1984308786,3607.35679900387,891.584157736814,3093.79870288628,1392.51367642246,3.2964712714605,14.5943547293295,6715
125,0,0,1008.87574718642,4926.54725215169,2375.922878,1018.15781548123,2097.24578058841,2.10119823445635,13.8348035509583,3582
33,0,NA,NA,NA,NA,NA,NA,9.41778570862313,103.357038099487,25
40,0,1492.71060635339,1703.31843643201,3439.10062284539,3095.69601809556,5286.722755,4458.69082265244,24.605685080573,20.1894670561998,452
303,1,NA,NA,NA,NA,NA,NA,1.07673456694644,35.4267221286092,5321
10,0,376.5245782,1404.59032236956,2924.74542384601,1225.04152685392,2419.46253457181,705.057898499436,1.76463985835849,25.246144727028,5934
362,1,443.824414010945,918.513789688196,5552.85266213531,3040.43963831785,0,2904.59645352222,20.8308677209066,21.9588890526145,3582
293,1,728.4899507,677.743971040158,2613.50063151263,2613.50063151263,4945.07334753276,5950.52527258531,9.14020700677842,1.26095031746138,3031
386,1,209.191027859333,430.0935128,3561.76562380918,1231.5821763572,2292.66374237706,1622.46152113351,7.94834255328469,50.7031802151592,5466
248,1,560.743126924132,1747.36849258639,2796.818365,2796.818365,5482.48408989203,6637.9499532874,8.222831656,103.435515492629,4363
9,0,364.914613518273,714.125068663866,3676.06747174577,3676.06747174577,4514.19384137465,5513.2887751074,18.7231664004403,10.5278175039454,4980
383,1,78.2433039825295,571.370543673454,3416.93320530686,1130.67061988456,2256.60206279741,1751.45510782456,3.95931813467184,8.38989509952766,5466
366,1,NA,NA,NA,NA,NA,NA,6.49689582123817,44.2307900165653,6263
186,0,904.5356197,1218.87572605315,2652.23167189371,2329.27571653745,4264.92814507775,3760.29287168282,1.10539607036071,73.871473701928,5585
61,0,214.91086567894,276.245321558775,1996.44236521321,874.102765456028,3306.37340845202,1906.55279035886,51.595736726519,18.7350105744991,6897
202,0,1867.63420372192,1682.43195109808,4771.61031627591,4771.61031627591,2600.94574078627,4870.13158675622,45.1879257087292,161.127429605005,574
152,0,0,199.658801398342,5605.68731259314,3830.69035737588,790.2507191,3694.847173,1.74351644794349,23.7406095692639,39
357,1,100.265378649677,1085.66984728768,4115.243413,2048.007705,1836.82784135521,2372.94527965923,6.87073339492761,10.0294196757509,6159
54,0,663.177142452669,527.769658540361,5472.6708958616,2325.54219235107,1628.67749743456,3516.98615564633,21.0949035587829,10.9084583369019,2493
296,1,840.768987953209,949.975055080324,2738.1596652618,2738.1596652618,5082.11276038412,6087.56468543668,7.34029143012429,111.226052751929,5778
384,1,115.453830862742,336.356315808349,3694.39771930241,906.937317635126,1968.01888365498,1420.84955813783,10.1882039395475,1.27786004496017,5466
397,1,193.90283880336,593.488546806405,7765.98813296968,309.974764744028,6754.3970152921,186.696767224485,69.65954988,22.9043399922146,2
185,0,259.171427258594,649.598852947297,5442.18402995167,2767.83929314276,1239.808751,2699.38001674484,2.68188821228404,2.72306402934881,6263
157,0,85.4429628690717,840.937423337051,4759.44973981562,2014.2751331617,1235.20158673025,2143.20312404715,2.20759511966643,63.6695509085439,7328
115,0,730.048419839812,296.487025323352,3284.929615,1527.91934697858,2267.92304733717,2474.49256475702,6.25767674096172,47.6016531628778,4302
241,1,250.24959137613,433.603078826315,4679.27642039274,3555.75692186031,2532.55833511321,3684.68491274575,5.36563795788378,0.660050652,4282
53,0,962.5706956,1039.26895505177,1939.501,1588.05712678123,3310.90446190373,4090.67657247157,12.6618993419612,94.2908906968184,18
228,1,0,1119.89412559244,4598.30988508265,2216.63628244387,1476.7736872705,1936.962569,5.86603756325636,13.2972713667051,6159
205,1,1175.005099,2044.00907150974,6949.232194,2339.31957779608,4949.77951502319,2510.43119828276,4.77541725209117,7.9411567103208,4481
259,1,369.423142200549,845.859907777472,2340.3394612383,666.311112261831,2565.03898319164,862.852052375611,0.31553463,95.014172686826,5934
370,1,NA,NA,NA,NA,NA,NA,6.08186070023056,7.6406289062377,1906
326,1,0,1664.1809891579,3203.81325800453,1504.10936101244,2675.52144388521,866.149006522877,8.20967741311408,0.511360855,6715
268,1,254.089417055109,527.815010403795,1914.19211075281,964.350756690489,3129.23798202919,1427.05105121316,0.501662685,3.04482245922168,693
281,1,136.955772220615,150.4489195,2931.84697098202,403.540108754319,2312.82301119621,1597.17119930878,3.49744125419333,0.413428878,5934
234,1,438.196573244721,405.568135359915,4730.4835823696,2407.76393320107,1227.70725881284,2855.15977358053,3.28356859709382,0.211137014,2493
352,1,0,494.202414830663,3355.69947196704,3355.69947196704,4477.08813183256,5482.54005688512,3.840931117252,7.42754987402847,5778
388,1,389.482313812563,303.765219453583,4273.75425479312,668.960980571407,1921.39811262016,1039.57648163417,7.55514707205637,35.5900140452289,3156
253,1,318.527042861569,468.864342748195,7641.36392891147,434.598968802238,6629.77281123389,288.715251162619,10.600921832068,0.46974392,2
230,1,260.419675984655,789.0351097,3843.08504002527,2086.07477220571,1709.76762211004,2540.94300143781,5.750651102,0.289918881,6159
57,0,387.314220177034,3384.16628384924,4907.897341,4409.85364859295,6847.61752281595,5201.9178315013,6.08978588994294,26.1669707839632,167
201,0,NA,NA,NA,NA,NA,NA,17.411853882417,276.1274752,1900
105,0,289.7015684,914.0846377,3667.03431794765,2383.59676372276,2217.981768,3217.07670136446,8.60649262081393,66.2098157094081,5321
101,0,2569.20000569481,2628.98233347024,6114.08581058703,33.2415876956483,6759.31004640789,5009.8581991937,8.94336235394908,527.836570422052,NA
368,1,989.5161273,1049.29845503556,4552.48972680296,1674.67335037364,5179.62616797322,3430.17432075902,3.6239354036065,20.8790873108217,489
396,1,NA,NA,NA,NA,NA,NA,63.6581886041467,61.9835621194939,2
321,1,435.855521722607,2438.69903602929,3962.43009312324,3464.38640077301,5902.15027499601,4256.45058368136,26.5870581495798,273.079525836477,1906
134,0,246.110186668998,448.5595094,4694.13657994038,3763.92250733246,2328.93247385952,3892.85049821791,3.01740134005387,91.88978827,4269
389,1,389.482313812563,303.765219453583,4273.75425479312,668.960980571407,1921.39811262016,1039.57648163417,7.67170248921678,32.1834275126081,3156
129,0,8593.22147331225,10152.8777935839,1054.98394677816,1054.98394677816,14438.223450018,10464.5296232391,45.1713023905545,751.0875476,NA
106,0,758.961561958683,894.771304677725,3036.76467907928,3036.76467907928,5000.3053343896,6005.75725944215,18.9217997476086,48.6063279069638,5778
298,1,621.960287462389,1107.43066863917,2703.15028821831,2703.15028821831,4863.3040598933,5868.75598494585,3.27668251839977,37.8440975397302,5778
233,1,720.154609813666,422.063408746886,5141.98033379926,1989.99813053394,1414.49654324638,3186.87337473185,16.2295458784069,84.3870013356966,3674
378,1,16.1065908557424,1326.75723768348,1649.71319303975,1326.75723768348,3646.05171326093,4190.51354425475,22.146453968687,0.871543909,3216
29,0,821.041237686504,996.775301565684,4729.24407617569,4013.8303373819,1915.28909125388,3945.37106098398,18.4964016049387,91.1417079423406,4269
213,1,0,1143.88677048804,3756.79047148643,888.820076562748,961.177014732145,1845.17553014063,13.4709368818638,240.590670880501,1006
27,0,512.242922859055,566.113987631842,2829.74765933858,2829.74765933858,4753.58669528997,5759.03862034252,9.80718545844189,38.488430565144,5778
341,1,0,904.20322352086,3719.14468500062,1140.66586660247,1586.2070325923,1090.58712252266,5.47333174306137,36.678497142148,4669
188,0,339.291847971295,933.160699103774,5837.10144425433,1994.86770679456,2037.15859733889,3924.85447578779,22.4014817137641,93.5494065793382,1073
295,1,845.780406815545,933.699064559516,2862.9771023864,2862.9771023864,5087.12417924646,6092.57610429901,7.71759384942517,93.82626706,5778
349,1,132.769159216432,743.095613916716,4835.12948109123,2534.2739500571,1084.03210671592,2254.60023654061,20.3416303116739,46.5602378263914,3582
239,1,11.8376170920396,1032.92722839981,5642.84097585576,2874.56813138845,511.496297357976,2801.11102990942,3.62897636872861,13.0267762822962,3582
323,1,150.106947813124,764.540153615146,3139.47156359532,520.263553577567,3680.677624,1931.22577718251,3.55115626269894,30.9600358245747,6331
93,0,2391.7037441927,2451.48607196813,5936.58954908491,210.737849197765,6581.81378490578,4832.36193769158,55.9528327807079,589.524941154688,NA
145,0,3044.70952045782,4224.21654119134,3959.69163065432,5946.94048962612,7910.80924309172,6106.64426428212,0.30751602,548.1142349,NA
314,1,645.235629744117,1215.14928885869,6120.37241146828,1510.45979514504,4120.91973237214,2955.08597011258,8.20541122802538,23.9278082933437,4481
207,1,274.135699738666,1227.62552690912,5875.545574,1522.93603319546,2543.535875,4343.07512001509,7.38490595091829,0.658023266,2740
148,0,445.590179895563,218.395109385909,2804.62396616647,1820.35865016889,3158.98216630769,2943.15874132879,20.3289422744158,131.535573310872,5585
163,0,1071.26330340034,1056.94135361957,6917.67861982029,3532.87541555665,5906.08750214272,3386.99169791703,8.71826583392979,24.8685606223071,8
161,0,361.670011388104,1449.59867070087,3578.05767650024,3226.61380361422,3201.06978772663,4208.04547260929,18.0504550605694,14.74469473,2963
66,0,1038.29077458973,1301.03845484541,6668.04253830436,3111.63240277051,5656.45142062678,2965.7486851309,20.6534539548015,170.429761746247,45
333,1,581.882961541259,908.328037138869,2295.14761158715,1895.0583288147,4327.328972,2652.90621803872,7.00190427237719,11.6080289732605,6897
311,1,707.189747863111,1063.58415811398,3511.13739761986,3511.13739761986,4501.09957552046,5506.55150057302,11.1589630054903,91.7507884308946,5778
133,0,210.910970156491,80.1617034003162,2857.891773,336.251779657622,2386.77820913209,1605.95211034361,1.54482872884228,13.5273661918106,5934
117,0,768.906783390948,586.063850445967,3399.09580100768,586.063850445967,3304.82814667293,3308.110602,17.5833533915886,66.7815864540612,904
246,1,896.749017239843,1112.06350509275,4388.16273840323,4221.70108407642,2289.75618158406,4319.83815131416,4.77838690380295,145.026523716469,4269
313,1,878.262433713021,1448.1760928276,6353.39921543718,1743.48659911395,4353.94653634105,2722.05916614367,7.31874182631573,63.636703515646,4481
324,1,606.648118437704,768.244914621037,1710.81795664679,2496.08614,4361.157344,2555.05669710488,3.54906755613756,99.2324409681119,693
261,1,28.543127126309,683.822128844023,4526.53796114617,2354.58797957319,1049.37901864563,2580.75870630541,5.567203598,10.2487416123877,6159
45,0,1025.49059155735,958.464750102862,4494.45956275603,3534.38407440556,3369.33746931081,4374.78939436336,7.26836523440895,22.1616463224237,2963
146,0,235.648196031803,281.542616216829,5915.43407527136,2922.908056,4903.84295759378,2777.0243383865,52.8617522803231,60.618571768676,45
364,1,154.630924335874,680.852415427459,5129.70717932766,2847.36326973855,611.010156711242,2750.09468940434,13.0626579157397,18.7727556933746,3582
270,1,335.308274630431,335.308274630431,3566.59386399375,3566.59386399375,3628.02844150695,5069.17288313451,8.43852748082938,48.5272137764874,3471
218,1,151.535320789142,930.20026913019,2709.48948,1062.73562701638,3151.12477933277,1354.29054264482,2.30748683963591,92.7182384672432,7304
183,0,796.743073367841,963.594618597007,5611.514666,1258.90512488336,2936.204408,4482.64109485964,22.8956834225108,17.8719763396419,2740
220,1,0,127.199123314366,1592.99792034007,1164.31732318181,3522.98232233817,1820.79539152214,6.69227619708746,2.902006526,6897
104,0,3014.72396993253,1494.20174426249,307.717439487122,307.717439487122,7097.08675192156,8102.53867697411,99.740846475953,285.446798837634,76
162,0,1580.38318139556,37.2927497929485,1839.21193354257,1839.21193354257,5565.59225786612,6571.04418291867,57.0059691400685,134.45325950524,3031
398,1,65.2914999,856.572833339247,8029.07241950252,65.2914999,7017.48130182495,65.2914999,57.8995793094086,25.3195619366373,2
287,1,2150.57231586925,1375.23895108915,1918.95853572375,1918.95853572375,6329.91840251534,7335.37032756789,4.42512519009366,3.65925713857838,3031
404,1,249.807933868055,493.212697472259,4235.78094784273,2478.394285,2312.77928917361,3311.87422290637,9.91497093177206,53.9356854416595,5321
2,0,8593.22147331225,10152.8777935839,1054.98394677816,1054.98394677816,14438.223450018,10464.5296232391,273.105800497905,649.633052859494,NA
130,0,342.818445499876,388.712865684902,5536.11346475989,2565.58463253939,4524.52234708231,2419.70091489978,44.3057010111281,52.3860147790609,12
356,1,371.613496616038,262.433967929951,5030.11564628277,2524.295258,1651.87713444749,2653.22324874846,5.69136669567412,0.355124801,6303
24,0,1894.46789108814,2616.49391791736,1000.70773428867,3653.61211778481,5801.67531869287,4099.48838787684,0.648378246,64.3074042269553,167
325,1,313.476977926594,795.686420583916,2368.79503330605,1454.23918696057,3637.748983,2556.07774076822,9.627868804,33.7334417386829,6897
358,1,351.583359695898,849.3186398,3979.4265511867,1980.10681379936,1800.93130582128,2688.24295289451,8.06813971602111,78.7520806699143,6159
342,1,41.9310712280504,329.335762970431,3110.73381443068,448.392853576437,2133.93616774755,1418.28435586011,6.06356426393189,14.1683987699856,5934
395,1,85.7170943589798,0,3969.98903533954,860.487489239374,2027.2488481472,1192.36800832858,3.90273827718238,147.094619650543,3156
390,1,115.714748290049,1077.70814212897,2854.04045552425,1366.5538350085,2860.93877346827,1056.77379465867,8.49927728,0.980764463,7304
112,0,3903.44374882239,3049.16851548613,7542.397156,3395.32838605751,6802.16858088621,7326.32142113266,34.6006793301553,314.075581847125,11
319,1,435.855521722607,2438.69903602929,3962.43009312324,3464.38640077301,5902.15027499601,4256.45058368136,23.0498867787128,278.840992393442,1906
80,0,317.080857322982,NA,NA,NA,NA,NA,11.7399599815894,0.386754046,2224
251,1,700.701073115275,2109.75352056101,3673.61118454593,1719.44705356514,1791.80399173453,2675.802507,20.2475322379785,29.4772930257173,208
35,0,NA,NA,NA,NA,NA,NA,6.495327447,8.89117461761615,958
87,0,1152.12430157542,313.167103915513,4772.91832802647,617.073558198521,4047.98521361659,4681.93312947616,44.6979053841998,35.7313730732392,120
317,1,0,NA,NA,NA,NA,NA,6.42410000041127,237.5101000072,167
288,1,1462.28968761609,789.76694768475,2079.7528983503,2079.7528983503,5674.5301855938,6679.98211064635,10.7786252022334,179.311829642653,3031
111,0,337.729561900742,849.970324666473,2384.57396768867,1603.11534292696,4005.67644231293,2623.27156802365,18.9637553951796,23.5447672278715,6897
203,1,137.960737590777,709.722392955591,5614.94551556517,1005.03289924194,3599.0474981249,3661.25656390912,16.7562884402795,2.38523600690572,4481
282,1,NA,NA,NA,NA,NA,NA,5.75525011589603,6.95776740651133,5778
301,1,94.5734399663389,1298.96608943307,4607.11636728566,1312.71466619173,921.619183708972,1441.64265707718,11.1370494386203,13.7214577310019,7328
276,1,429.970842318359,431.318549392096,3328.33453012106,811.374810375205,2191.18527894549,1695.56536887585,3.7875661999318,51.5066585800797,6159
31,0,170.88086522419,1351.67210686847,5466.08200603836,2773.66224253857,631.75923719269,2495.21282496581,3.71887438870457,26.4122035985085,3582
73,0,314.491685077409,345.449180719625,2931.67803750019,1951.01411364655,3359.35953778098,3114.82657197851,25.473375780543,75.4425318915258,5585
144,0,679.147005821264,918.251779335317,3513.49203623413,1401.49333029697,4763.85225906297,3804.31341169285,4.782380188,5.826540337353,1906
267,1,163.970700223104,737.06947007283,5007.98043166646,1563.87146497927,2006.16445955511,3411.769539,4.71930040410916,84.0647493561482,3674
122,0,746.018788075086,1117.316788859,3222.14443,3222.14443,4371.7590254646,5702.41819917741,36.8846903395714,42.0291302026101,6165
187,0,NA,NA,455.280126639187,375.467986190899,NA,NA,25.6658159635292,309.252105595715,1198
92,0,1733.52863643776,1897.004307,2219.96026241854,1897.004307,5359.38852253614,4858.62416576971,172.750498999888,115.040181977214,585
320,1,163.588297323934,NA,NA,NA,NA,NA,8.320807503,131.3000123,1296
237,1,266.808961547321,1169.49823371854,5562.61283733066,3293.82326910513,1749.97548577364,3225.36399270721,3.765403977,10.9122569225177,6263
377,1,305.213821982292,184.558026217941,2770.7868829985,1652.39970406891,2991.02322020771,2775.19979522881,7.19114138997897,144.409567216581,5585
305,1,497.611411391013,0,3643.11282856915,3643.11282856915,3861.5400306381,4860.63496437085,8.88036904150382,5.44218729144881,4980
371,1,92.897843584061,419.34291918167,1953.94656220386,1406.07321085751,3838.3438538535,2192.64416253884,11.84316551,2.1731785656332,6897
