j,ID_unique,POINT_X,POINT_Y,Y,Probability,LandPrice,Grid_supply,Chosen_BatTypes
0,1,159582.4529,384981.8982,1.0,0.638422072,186.7854004,111.0,0
1,2,164739.4109,384029.4093,1.0,0.290838331,262.6001587,207.0,0
10,11,159664.359,384622.0184,1.0,0.600970328,266.7861938,111.0,0
16,17,162758.657,387929.8815,1.0,0.552318931,310.9631653,207.0,0
27,28,163603.6352,383195.3422,1.0,0.727056742,289.643158,207.0,0
29,30,161751.7677,385593.9844,1.0,0.680577934,263.9170837,207.0,0
32,33,159403.5542,381490.7612,1.0,0.60365057,280.8399963,77.0,0
38,39,164565.504,384204.5269,1.0,0.399486154,311.5315857,207.0,0
39,40,159733.7683,382068.874,1.0,0.561973333,240.4869232,77.0,0
43,44,163699.9264,383641.215,1.0,0.664977074,281.53125,207.0,0
50,51,163225.3836,383319.8454,1.0,0.789447486,251.4498901,207.0,0
54,55,162938.3608,383089.1632,1.0,0.809036195,309.8599548,207.0,0
65,66,158127.57,383303.1093,1.0,0.560813189,308.4058533,77.0,0
66,67,161756.253,385422.8974,1.0,0.662278652,251.5554199,207.0,0
83,84,160270.4635,387127.7549,1.0,0.563315868,258.9400024,111.0,0
96,97,159403.2866,383382.6183,1.0,0.677096128,331.7999878,77.0,0
98,99,159482.3674,381081.0815,1.0,0.606908441,290.8999939,77.0,0
101,102,157869.115,380998.9188,1.0,0.525001705,263.0502319,77.0,0
106,107,159497.3218,389260.049,1.0,0.313163549,235.8454132,111.0,0
111,112,160475.3305,382364.2921,1.0,0.740398288,281.1400146,77.0,0
117,118,160952.1306,386875.2278,1.0,0.562430918,304.6843262,111.0,0
119,120,159841.0249,385376.1402,1.0,0.744187593,306.9666138,111.0,0
121,122,159312.2133,383769.9627,1.0,0.635733366,334.5487061,77.0,0
127,128,159849.4765,381785.1087,1.0,0.638946712,234.1065674,77.0,0
128,129,161596.9327,385622.3577,1.0,0.669743955,278.0,207.0,0
130,131,157973.7371,380940.8995,1.0,0.543916166,312.8260803,77.0,0
134,135,164638.0002,383721.5663,1.0,0.305305332,304.2200012,207.0,0
141,142,159412.1603,381304.5453,1.0,0.616738975,307.6600037,77.0,0
148,149,160395.0559,384487.2325,1.0,0.726087928,325.2000122,111.0,0
153,154,161373.7638,385360.6353,1.0,0.597350359,253.1761017,207.0,0
154,155,159151.1203,384175.828,1.0,0.589216888,289.4707947,77.0,0
167,168,160031.359,387133.2743,1.0,0.517220378,223.0939026,111.0,0
170,171,164433.8432,384030.0976,1.0,0.461145431,263.8638306,207.0,0
182,183,159207.2215,388121.8968,1.0,0.491285086,312.2000122,111.0,0
186,187,164051.7099,384479.54,1.0,0.513618231,294.934845,207.0,0
189,190,161409.0996,385471.4101,1.0,0.658060789,245.3084717,207.0,0
191,192,163004.5235,382013.5025,1.0,0.775908411,293.1000061,207.0,0
209,210,162190.18,387007.7711,1.0,0.525001347,292.1773376,207.0,0
211,212,161898.77,384614.7032,1.0,0.34114024,194.4894104,207.0,0
212,213,160674.9343,383272.1975,1.0,0.81531018,248.7089081,77.0,0
214,215,161432.9237,387621.8297,1.0,0.560102046,333.0,207.0,0
229,230,159222.2693,381596.6592,1.0,0.5877105,253.8051758,77.0,0
230,231,158053.4074,381011.9572,1.0,0.566416621,262.1062622,77.0,0
242,243,163544.6391,383520.3523,1.0,0.69268167,283.9869995,207.0,0
243,244,158200.2413,383601.3999,1.0,0.559526265,304.6000061,77.0,0
249,250,161181.125,383991.635,1.0,0.65782994,321.2835083,207.0,0
253,254,159683.953,387016.3946,1.0,0.434481055,172.0018921,111.0,0
259,260,160481.0928,382062.5052,1.0,0.702359438,253.8020325,77.0,0
262,263,159764.3982,380937.2976,1.0,0.553045809,285.9724121,77.0,0
264,265,160640.4605,383949.0518,1.0,0.758514881,340.0,111.0,0
269,270,159558.3735,384474.0945,1.0,0.610262573,321.4851379,77.0,0
279,280,158034.5183,383661.1724,1.0,0.586410761,313.0400085,77.0,0
281,282,161867.2708,382592.7026,1.0,0.755645275,291.1600037,207.0,0
287,288,161506.4564,388274.3191,1.0,0.448212981,323.7000122,207.0,0
298,299,161545.3487,384580.1588,1.0,0.402494013,327.0291443,207.0,0
306,307,164099.4247,382992.2593,1.0,0.539974511,271.1599121,207.0,0
310,311,163330.9921,383260.1063,1.0,0.771195054,338.4944458,207.0,0
311,312,160423.0076,387802.3017,1.0,0.510029376,278.3008423,207.0,0
316,317,160694.8797,386708.6373,1.0,0.575919807,301.8999939,111.0,0
335,336,159642.5725,384260.533,1.0,0.634406686,269.0359802,111.0,0
340,341,162739.9118,387620.4526,1.0,0.574524224,317.4400024,207.0,0
350,351,160995.9326,385525.938,1.0,0.681825817,273.802887,111.0,0
358,359,164104.8784,383798.2528,1.0,0.558990896,330.1923828,207.0,0
362,363,161710.3578,379641.6324,1.0,0.231827602,343.9868164,207.0,0
365,366,158202.9763,381061.0691,1.0,0.62567693,282.4928589,77.0,0
371,372,160556.4555,381433.8981,1.0,0.643234909,269.5598755,77.0,0
374,375,163732.1471,382953.6606,1.0,0.691496849,232.2144318,207.0,0
378,379,157589.5783,383429.3786,1.0,0.563825846,380.7124634,77.0,0
381,382,162216.6867,387481.978,1.0,0.664029121,303.0401306,207.0,0
386,387,162155.2446,386813.3909,1.0,0.477510393,279.4945374,207.0,0
390,391,163473.0142,383601.599,1.0,0.693693578,330.5944824,207.0,0
398,399,160312.4814,381902.0501,1.0,0.666362643,335.7064514,77.0,0
408,409,161932.2997,385986.4951,1.0,0.622195661,266.8001099,207.0,0
420,421,161919.7163,386658.4479,1.0,0.466406256,286.6599121,111.0,0
421,422,162666.7662,387434.9461,1.0,0.598617494,291.5400085,207.0,0
426,427,163870.8836,383285.3715,1.0,0.614077926,271.2000122,207.0,0
441,442,164298.6376,383948.8866,1.0,0.4907974,315.8786621,207.0,0
448,449,163292.786,381234.9281,1.0,0.759685516,305.186615,207.0,0
451,452,161115.814,385609.9748,1.0,0.652218759,283.1600037,111.0,0
453,454,161776.2177,387411.7105,1.0,0.636870921,318.8182068,111.0,0
455,456,163974.9078,384355.2659,1.0,0.556357384,306.8791199,207.0,0
465,466,163027.8977,382434.6264,1.0,0.730852902,275.1774902,207.0,0
466,467,162939.2398,384253.8498,1.0,0.494209051,284.9340515,207.0,0
473,474,163292.565,382134.1437,1.0,0.761538863,291.145752,207.0,0
478,479,164067.5492,383128.399,1.0,0.545490026,280.2663879,207.0,0
488,489,160320.2182,385972.5333,1.0,0.651100993,304.8800049,111.0,0
490,491,158453.1892,381374.431,1.0,0.654839337,275.5,77.0,0
491,492,161589.9467,387440.8318,1.0,0.617444158,309.4162292,111.0,0
497,498,162706.2086,387728.497,1.0,0.577652633,329.4985657,207.0,0
507,508,160257.8334,385169.5432,1.0,0.746037066,314.4456482,111.0,0
513,514,160927.0456,385813.4895,1.0,0.606911004,280.9932251,111.0,0
517,518,160671.7683,384323.5212,1.0,0.736913025,296.5100098,111.0,0
519,520,158581.9465,383465.8154,1.0,0.582584739,292.519989,77.0,0
520,521,160092.3235,381697.8019,1.0,0.684816241,311.250824,77.0,0
523,524,164772.143,384190.4928,1.0,0.284441531,302.2025757,207.0,0
525,526,162700.8311,383225.5091,1.0,0.800322711,253.1319733,207.0,0
528,529,160312.1185,382686.2465,1.0,0.781359375,308.1219788,77.0,0
529,530,161367.1238,388270.4458,1.0,0.456759095,319.7262573,207.0,0
542,543,162837.0329,381026.1145,1.0,0.713746071,312.6808167,207.0,0
547,548,160796.6419,387407.5336,1.0,0.542638123,306.2000122,111.0,0
558,559,163123.2857,383679.8007,1.0,0.731318533,317.9202576,207.0,0
574,575,161653.2623,386520.8492,1.0,0.486752659,314.2079163,111.0,0
580,581,157798.2195,383447.8983,1.0,0.543803573,319.4353943,77.0,0
581,582,161046.6836,384309.9381,1.0,0.664190114,319.3143311,111.0,0
592,593,160205.0602,383827.9039,1.0,0.706606984,249.5599976,77.0,0
608,609,161367.4601,388072.1089,1.0,0.504080594,300.2400818,207.0,0
615,616,160627.8002,385872.314,1.0,0.636626542,247.4253387,111.0,0
621,622,161884.7841,384464.1983,1.0,0.359169096,164.5563202,207.0,0
623,624,161445.7416,383292.9133,1.0,0.596105278,309.275116,111.0,0
625,626,160163.4761,382208.5351,1.0,0.674126744,247.3200073,77.0,0
626,627,160583.1454,381605.8567,1.0,0.67922616,313.1862793,77.0,0
637,638,159836.2854,384772.5709,1.0,0.667959511,180.6962891,111.0,0
642,643,158876.0131,388408.375,1.0,0.435853809,313.2999878,111.0,0
654,655,160392.7557,382001.4739,1.0,0.668589592,186.0000916,77.0,0
656,657,160244.7342,382510.6286,1.0,0.752440035,249.1643372,77.0,0
660,661,162455.1118,387263.5747,1.0,0.571670115,296.3067017,207.0,0
662,663,161792.2924,386151.4161,1.0,0.584528089,285.0277405,207.0,0
674,675,164643.755,384277.8537,1.0,0.364497721,306.8867188,207.0,0
678,679,163358.7739,381512.3318,1.0,0.817762911,294.0360718,207.0,0
682,683,160788.0633,386280.7311,1.0,0.562070727,280.7997131,111.0,0
685,686,163557.1766,383670.0884,1.0,0.682794213,291.0299683,207.0,0
694,695,160332.7516,381419.998,1.0,0.679184079,315.3389893,77.0,0
700,701,159882.7827,386122.7015,1.0,0.537921071,315.2200012,111.0,0
705,706,162228.6338,387635.3688,1.0,0.68246299,328.8504639,207.0,0
706,707,163111.1378,383522.1401,1.0,0.794069409,321.5799866,207.0,0
714,715,163732.0157,382075.0343,1.0,0.664419293,317.6000061,207.0,0
722,723,162993.6045,382160.8775,1.0,0.758640349,304.5598145,207.0,0
723,724,159938.9716,384468.1506,1.0,0.63249439,282.0003357,111.0,0
728,729,160581.0017,387700.3169,1.0,0.501465857,307.5,207.0,0
733,734,160374.1711,384614.7899,1.0,0.747986495,302.3200073,111.0,0
735,736,162121.3378,386507.2968,1.0,0.456414998,286.4837646,207.0,0
737,738,162899.493,388005.6321,1.0,0.451253176,302.6799927,207.0,0
738,739,157980.1665,383753.3438,1.0,0.581949949,260.0395203,77.0,0
748,749,161041.8806,388061.2843,1.0,0.479802012,312.2038269,207.0,0
750,751,159332.2573,382804.8425,1.0,0.501532197,324.6180725,77.0,0
766,767,161424.4776,383064.7879,1.0,0.651904941,298.6799927,111.0,0
771,772,161135.4424,383184.8164,1.0,0.690379083,297.4362793,77.0,0
774,775,159698.306,387247.8673,1.0,0.454250038,256.8049927,111.0,0
777,778,161692.1705,385242.4313,1.0,0.588489175,290.2573547,207.0,0
778,779,162097.1324,386395.4372,1.0,0.467085272,318.2855835,207.0,0
779,780,162116.0836,381687.4165,1.0,0.834083617,306.1199951,207.0,0
780,781,161125.5237,387399.43,1.0,0.570605159,284.8727112,207.0,0
782,783,161016.6571,383807.1498,1.0,0.727697849,275.5521851,207.0,0
787,788,160120.9786,385493.1588,1.0,0.754719377,306.0400085,111.0,0
796,797,163727.4327,381923.5287,1.0,0.672206223,290.2218628,207.0,0
802,803,160578.2822,386365.0707,1.0,0.550171733,265.5205383,111.0,0
815,816,155476.2359,382943.5238,1.0,0.349428892,331.8429871,77.0,0
819,820,160208.0685,384786.8268,1.0,0.750652552,285.6400146,111.0,0
834,835,160504.5909,384277.3335,1.0,0.743493915,264.8800049,111.0,0
835,836,158719.7226,383657.2651,1.0,0.555848181,295.2080078,77.0,0
851,852,160890.3848,386322.7653,1.0,0.541686594,295.7626648,111.0,0
852,853,161816.4686,386270.1644,1.0,0.514402628,299.7811584,207.0,0
855,856,160523.5931,385870.8228,1.0,0.683816731,264.5167236,111.0,0
857,858,161828.1137,386507.5103,1.0,0.475058615,302.6350708,207.0,0
868,869,157859.0068,381338.1556,1.0,0.536928773,372.9271545,77.0,0
880,881,159092.1288,388137.3593,1.0,0.480638325,307.6664429,111.0,0
882,883,160318.6451,387694.6145,1.0,0.528342783,300.0843506,207.0,0
884,885,160767.4208,383636.281,1.0,0.777048767,322.1714172,111.0,0
885,886,159574.1601,381998.6736,1.0,0.554483533,280.4500122,77.0,0
891,892,164578.39,384452.6658,1.0,0.336057067,302.1634827,207.0,0
894,895,163342.1124,381128.9591,1.0,0.724641085,308.8346558,207.0,0
895,896,157842.5067,383776.5023,1.0,0.576279998,320.2145691,77.0,0
900,901,159966.8379,381413.1001,1.0,0.684867084,265.2000122,77.0,0
902,903,161085.9219,385771.8071,1.0,0.611875474,240.5599976,111.0,0
903,904,157741.7429,383758.1443,1.0,0.551945269,357.0935364,111.0,0
919,920,158675.0856,381565.0024,1.0,0.582140803,308.0599976,77.0,0
924,925,161395.3088,385016.8652,1.0,0.542782485,277.2999878,207.0,0
940,941,159543.4871,383056.1578,1.0,0.612442315,289.908905,77.0,0
941,942,161961.4198,385370.8716,1.0,0.620895028,264.3457642,207.0,0
945,946,161135.0004,386353.092,1.0,0.473391145,323.2876892,207.0,0
947,948,159576.104,384859.6578,1.0,0.615749657,245.6785278,111.0,0
951,952,161875.1568,384946.3795,1.0,0.538215876,184.0523376,207.0,0
956,957,160245.1088,384098.8193,1.0,0.706165731,314.456543,77.0,0
958,959,162387.7158,387952.0186,1.0,0.632302523,321.7678528,207.0,0
960,961,161427.32,387738.6705,1.0,0.551850855,330.7017822,207.0,0
977,978,161242.2256,385171.8411,1.0,0.614158571,316.0144348,111.0,0
981,982,156558.9546,384342.5248,1.0,0.357046336,369.9500122,111.0,0
984,985,162074.5898,387512.3129,1.0,0.66048044,286.8335876,207.0,0
988,989,163101.4662,383167.029,1.0,0.802411497,243.8999939,207.0,0
989,990,160350.2929,386918.3292,1.0,0.580859601,258.6822815,111.0,0
1001,1002,163918.6285,383853.6197,1.0,0.598206341,311.3414307,207.0,0
1002,1003,162022.8102,382745.1397,1.0,0.743892372,307.2219849,207.0,0
1009,1010,160537.4703,382467.2721,1.0,0.813887298,410.739624,77.0,0
1021,1022,160522.6219,381726.9293,1.0,0.696009278,329.1205139,77.0,0
1024,1025,162397.7978,387541.2874,1.0,0.6693753,282.3875427,207.0,0
1027,1028,161784.1353,384507.9563,1.0,0.401245177,214.3082275,207.0,0
1032,1033,158300.8247,383313.1406,1.0,0.591523111,307.9997864,77.0,0
1033,1034,160613.3782,383748.6511,1.0,0.77058053,310.2871704,111.0,0
1037,1038,161745.9741,382855.8252,1.0,0.660672247,270.2616577,207.0,0
1042,1043,161909.4238,386413.6542,1.0,0.488284796,300.5455017,207.0,0
1044,1045,163204.6361,381337.5336,1.0,0.793393612,238.2330933,207.0,0
1062,1063,163771.0575,383481.8247,1.0,0.627929151,301.7399902,207.0,0
1064,1065,160919.1526,387360.4916,1.0,0.548306167,267.7099915,207.0,0
1068,1069,158257.8953,383825.1534,1.0,0.521887779,309.5272827,77.0,0
1071,1072,160948.6943,384244.6617,1.0,0.691231072,325.0,111.0,0
1072,1073,161488.65,386647.5338,1.0,0.485163122,279.4567566,111.0,0
1074,1075,164372.9753,384819.9857,1.0,0.293852568,318.6961975,207.0,0
1075,1076,162687.2315,381445.624,1.0,0.808815062,294.7980042,207.0,0
1081,1082,160688.6427,387725.7906,1.0,0.489454955,327.4400024,207.0,0
1091,1092,159881.2133,384987.6019,1.0,0.715447962,234.1212158,111.0,0
1102,1103,159923.0392,387069.1633,1.0,0.493914008,280.4968567,111.0,0
1107,1108,160704.1951,385209.8253,1.0,0.73155123,294.6401672,111.0,0
1120,1121,160620.478,385661.0537,1.0,0.693350077,307.1929932,111.0,0
1135,1136,161961.1595,387413.2781,1.0,0.591635525,300.8681946,111.0,0
1148,1149,159795.5911,387926.0349,1.0,0.549388111,274.7999878,207.0,0
1149,1150,161524.8234,379584.6394,1.0,0.252085984,364.0437012,207.0,0
1157,1158,164028.3459,383251.0029,1.0,0.564790785,283.9078064,207.0,0
1167,1168,154590.8938,382979.3944,1.0,0.208467573,289.3715515,77.0,0
1172,1173,160169.49,386134.194,1.0,0.604189277,243.4811401,111.0,0
1178,1179,160251.1578,384375.4538,1.0,0.699968636,242.632431,111.0,0
1185,1186,161706.642,379756.8303,1.0,0.248321757,314.0174255,207.0,0
1186,1187,161245.3278,387448.226,1.0,0.561711669,280.0,207.0,0
1192,1193,161844.8131,384357.01,1.0,0.40304172,239.6434631,207.0,0
1194,1195,162350.9924,380830.3254,1.0,0.513191938,273.6091003,207.0,0
1197,1198,162450.4726,380952.9247,1.0,0.628712058,293.5467529,207.0,0
1200,1201,157907.4847,381711.4076,1.0,0.4579584,198.4129944,77.0,0
1206,1207,163552.8241,383770.7119,1.0,0.674187183,302.8745728,207.0,0
1208,1209,161302.3067,386556.7796,1.0,0.482929647,262.7418823,111.0,0
1210,1211,161152.119,387236.3303,1.0,0.560795784,300.6499939,207.0,0
1214,1215,160668.5044,385113.6767,1.0,0.703416765,302.7000122,111.0,0
1216,1217,163552.8144,382158.1062,1.0,0.703970194,295.4330444,207.0,0
1220,1221,160138.8368,385801.6113,1.0,0.683020592,317.576416,111.0,0
1222,1223,159086.4271,383707.0126,1.0,0.585175037,282.6621094,77.0,0
1228,1229,159165.5782,383855.0324,1.0,0.580586374,282.3063965,77.0,0
1233,1234,164361.7781,383868.4268,1.0,0.458051771,306.1335754,207.0,0
1234,1235,160003.7245,382407.234,1.0,0.626190782,256.9587097,77.0,0
1235,1236,160626.1067,384167.1646,1.0,0.739114106,276.8399963,111.0,0
1242,1243,159374.9552,384411.8842,1.0,0.593763649,285.3280029,77.0,0
1244,1245,158685.1998,383309.9523,1.0,0.636656523,172.7200012,77.0,0
1245,1246,164635.5618,383545.9169,1.0,0.304145336,305.2825928,207.0,0
1250,1251,160021.0476,386154.8698,1.0,0.569260836,291.3428955,111.0,0
1252,1253,160326.0284,385816.3664,1.0,0.709257066,287.0799866,111.0,0
1255,1256,158599.2781,383225.2556,1.0,0.629639626,227.6161499,77.0,0
1256,1257,160056.7516,384608.2349,1.0,0.711872876,307.6199951,111.0,0
1260,1261,161732.6094,381672.8431,1.0,0.74700582,340.0641174,207.0,0
1280,1281,163890.0697,381844.5944,1.0,0.560840786,608.9171143,207.0,0
1281,1282,157648.4887,383328.5276,1.0,0.546216488,376.7952881,77.0,0
1283,1284,159950.9644,381147.331,1.0,0.659727812,257.5487976,77.0,0
1284,1285,162637.5024,387329.5742,1.0,0.563288033,302.0799866,207.0,0
1287,1288,162461.587,387118.7616,1.0,0.526081979,306.4400024,207.0,0
1291,1292,161042.4822,386823.4016,1.0,0.569196165,303.9697571,111.0,0
1298,1299,164593.2041,384004.3111,1.0,0.388276994,274.2401123,207.0,0
1302,1303,158426.6279,383393.6391,1.0,0.570460081,281.4041748,77.0,0
1304,1305,163497.8338,381851.4722,1.0,0.789451659,301.2182922,207.0,0
1313,1314,162949.142,387738.2074,1.0,0.492732078,311.3500671,207.0,0
1314,1315,161329.8827,388166.2126,1.0,0.470468223,320.9599915,207.0,0
1321,1322,159321.1322,383958.7675,1.0,0.630957842,185.129364,77.0,0
1322,1323,161284.6689,387715.6261,1.0,0.552542806,323.492981,207.0,0
1328,1329,161679.5073,387632.8445,1.0,0.613601327,323.4537048,207.0,0
1339,1340,162166.0117,387340.5569,1.0,0.596928418,252.1999969,207.0,0
1342,1343,162447.6443,381624.82,1.0,0.848487139,313.1855774,207.0,0
1345,1346,158884.6273,383941.9897,1.0,0.503885686,316.2243652,77.0,0
1346,1347,159863.344,382358.8833,1.0,0.551462889,239.1228027,77.0,0
1349,1350,159634.0779,387149.1215,1.0,0.44847095,221.8837891,111.0,0
1350,1351,159639.7284,384137.5416,1.0,0.666078746,304.6913452,111.0,0
1357,1358,160847.1341,383836.4936,1.0,0.766293287,284.6128845,111.0,0
1358,1359,164739.1892,383909.5551,1.0,0.267671973,275.6400146,207.0,0
1359,1360,158819.258,383396.6631,1.0,0.628428996,295.2000122,77.0,0
1361,1362,161351.306,385235.5784,1.0,0.616119087,342.7167358,207.0,0
1370,1371,160197.1214,384958.8406,1.0,0.765197635,308.3979187,111.0,0
1372,1373,159916.9236,384704.5549,1.0,0.699587107,232.5465698,111.0,0
1376,1377,162542.8535,380775.8515,1.0,0.502938032,265.215271,207.0,0
1380,1381,160528.139,386192.5764,1.0,0.587979555,268.2399902,111.0,0
1384,1385,162600.1168,387161.6891,1.0,0.491044551,298.219574,207.0,0
1391,1392,161877.8127,381612.061,1.0,0.759328544,248.0,207.0,0
1397,1398,160041.5232,384451.8581,1.0,0.701552987,300.0386353,111.0,0
1406,1407,159108.917,382776.615,1.0,0.524667025,328.4571838,77.0,0
1407,1408,162297.3759,385527.7287,1.0,0.561376035,319.8999939,207.0,0
1409,1410,158912.7809,388035.3028,1.0,0.470357358,316.348999,111.0,0
1412,1413,160367.7352,381303.6489,1.0,0.647070885,290.29599,77.0,0
1437,1438,162554.6563,388093.9596,1.0,0.553342342,319.2958679,207.0,0
1443,1444,159798.0504,385266.245,1.0,0.748372197,301.0000916,111.0,0
1449,1450,161836.3064,387522.6066,1.0,0.646490991,310.164917,207.0,0
1453,1454,161470.9774,383457.1374,1.0,0.606808066,245.1629944,111.0,0
1458,1459,158421.9726,383727.5661,1.0,0.523583949,239.2402039,77.0,0
1462,1463,159959.7104,384860.0637,1.0,0.710212946,190.1808777,111.0,0
1463,1464,162082.7391,387031.105,1.0,0.53437531,301.7290039,207.0,0
1468,1469,164152.3134,383414.1966,1.0,0.524291277,292.1965332,207.0,0
1471,1472,163702.8704,382793.8442,1.0,0.67623204,279.5143738,207.0,0
1473,1474,159629.6719,382996.987,1.0,0.614156663,323.5237732,77.0,0
1490,1491,162435.9704,387635.4361,1.0,0.674409866,296.0096741,207.0,0
1503,1504,161981.7122,386108.1384,1.0,0.583944738,271.4274292,207.0,0
1511,1512,161194.8447,384949.8115,1.0,0.57635355,315.5001526,111.0,0
1513,1514,159909.1079,386557.0068,1.0,0.45457235,309.6436157,111.0,0
1515,1516,160177.1474,381752.9154,1.0,0.689523518,310.8392334,77.0,0
1519,1520,163308.1079,383113.7574,1.0,0.786735535,323.5499878,207.0,0
1548,1549,159443.419,385132.1161,1.0,0.640605867,183.1586456,111.0,0
1558,1559,163200.7088,382021.958,1.0,0.78033483,320.7938538,207.0,0
1564,1565,159670.2907,382343.6643,1.0,0.504404843,248.486969,77.0,0
1565,1566,162222.2081,385039.7411,1.0,0.456247151,338.7062988,207.0,0
1578,1579,160341.8717,387301.7756,1.0,0.566186309,297.0279236,111.0,0
1594,1595,161910.0405,385506.2625,1.0,0.667312682,267.8736877,207.0,0
1596,1597,161629.5422,385135.806,1.0,0.563354373,339.1319275,207.0,0
1598,1599,161328.6593,386794.4201,1.0,0.55659163,263.2096252,111.0,0
1603,1604,160647.0123,384883.3936,1.0,0.70965308,309.3107605,111.0,0
1609,1610,160971.0216,384841.1321,1.0,0.611935675,266.2399902,111.0,0
1610,1611,163875.4643,382892.7122,1.0,0.632824659,239.1347046,207.0,0
1614,1615,157853.6963,381200.9062,1.0,0.545208931,215.7288666,77.0,0
1618,1619,160191.1526,380905.7449,1.0,0.470474601,321.532959,77.0,0
1628,1629,161071.97,386063.2676,1.0,0.528690338,227.2480011,111.0,0
1629,1630,157926.3364,381842.6931,1.0,0.445217758,301.9100037,77.0,0
1635,1636,161202.8811,383768.2315,1.0,0.639237285,294.9817505,207.0,0
1643,1644,162633.2805,381594.8634,1.0,0.858168364,289.8027649,207.0,0
1650,1651,162180.1826,384640.1163,1.0,0.332232505,215.9940491,207.0,0
1656,1657,161769.2672,379856.081,1.0,0.25597614,285.0672913,207.0,0
1662,1663,159251.2004,384331.485,1.0,0.611651182,304.4252625,77.0,0
1668,1669,159178.5404,383158.1809,1.0,0.655076265,324.8561401,77.0,0
1669,1670,163425.6492,383095.8342,1.0,0.768742383,323.2550354,207.0,0
1672,1673,164185.3412,384058.6966,1.0,0.572645605,303.0130005,207.0,0
1674,1675,161387.2483,385742.5951,1.0,0.62984246,302.2019348,207.0,0
1680,1681,162167.8812,384908.2676,1.0,0.44392699,285.668457,207.0,0
1682,1683,160467.8675,387923.0075,1.0,0.503655732,309.9400024,207.0,0
1700,1701,162057.0835,387187.1773,1.0,0.563762605,295.9966736,207.0,0
1703,1704,162252.2124,381627.908,1.0,0.839326262,341.6964722,207.0,0
1707,1708,160107.3283,384834.2293,1.0,0.736191988,272.4424133,111.0,0
1710,1711,158555.0743,383787.9544,1.0,0.510108531,264.1076965,77.0,0
1711,1712,160134.5147,387167.5834,1.0,0.536886036,235.6354675,111.0,0
1720,1721,159879.3622,385603.1575,1.0,0.717524052,328.6000061,111.0,0
1721,1722,158743.761,380540.1957,1.0,0.388136029,245.0579987,77.0,0
1724,1725,157912.0612,383537.4373,1.0,0.58476001,297.0028687,77.0,0
1725,1726,158684.9863,381113.9009,1.0,0.654716969,270.5200806,77.0,0
1736,1737,159501.3405,382373.4395,1.0,0.452155501,291.3993835,77.0,0
1738,1739,161061.2643,385933.3143,1.0,0.561039805,308.6400146,111.0,0
1746,1747,158111.1762,381175.4015,1.0,0.605112016,296.7364807,77.0,0
1759,1760,160385.1995,382112.7379,1.0,0.701014578,244.6000061,77.0,0
1763,1764,162087.5394,384583.8602,1.0,0.316131115,167.4404602,207.0,0
1767,1768,162295.8962,386789.9701,1.0,0.455979764,271.5,207.0,0
1786,1787,160794.265,384999.2224,1.0,0.672185779,189.7158356,111.0,0
1793,1794,160885.5611,384045.4108,1.0,0.730086625,128.6212921,207.0,0
1797,1798,161386.9951,387300.0471,1.0,0.587275982,301.0,207.0,0
1803,1804,159618.5514,381135.3546,1.0,0.622721732,264.6409912,77.0,0
1806,1807,159304.2596,383559.4082,1.0,0.676168382,218.8735809,77.0,0
1808,1809,162152.9496,384330.431,1.0,0.32283932,286.3735352,207.0,0
1812,1813,161662.9235,385501.3638,1.0,0.665521324,241.506897,207.0,0
1827,1828,161790.2051,385794.9854,1.0,0.647817969,246.7501678,207.0,0
1831,1832,162567.6728,387954.0869,1.0,0.590552688,222.3094025,207.0,0
1832,1833,161431.0317,384881.0591,1.0,0.518377125,252.6997528,207.0,0
1833,1834,160747.9798,386569.0725,1.0,0.59068805,261.2521362,111.0,0
1842,1843,161831.7096,382687.0727,1.0,0.695965946,322.6051331,207.0,0
1849,1850,161730.3943,388193.5541,1.0,0.460961759,316.8049622,207.0,0
1856,1857,159870.9187,381367.3593,1.0,0.693726718,304.2000122,77.0,0
1860,1861,162161.2262,387866.102,1.0,0.640413702,302.7999878,207.0,0
1862,1863,160625.4303,387089.878,1.0,0.553688645,310.7999878,111.0,0
1866,1867,160337.5774,384759.9512,1.0,0.748249888,308.6400146,111.0,0
1869,1870,162403.2445,387793.7959,1.0,0.659989476,317.0,207.0,0
1876,1877,159646.6137,385100.8941,1.0,0.672289133,253.9996338,111.0,0
1880,1881,161648.364,386629.5299,1.0,0.470487505,300.8529663,111.0,0
1882,1883,160927.9133,384600.2993,1.0,0.61700356,261.4992371,111.0,0
1893,1894,163037.9439,382549.2898,1.0,0.727550566,322.3152466,207.0,0
1902,1903,161223.2409,385711.8642,1.0,0.600194156,278.777771,207.0,0
1915,1916,164118.7063,383558.2301,1.0,0.535968006,312.3544617,207.0,0
1918,1919,160988.5166,386150.1502,1.0,0.525503337,268.3548279,111.0,0
1924,1925,161091.6447,384515.159,1.0,0.591415524,219.5,111.0,0
1939,1940,161227.2104,384545.3645,1.0,0.540476561,260.2442322,111.0,0
1941,1942,161989.2888,386327.7819,1.0,0.49043569,285.2399902,207.0,0
1942,1943,159800.8936,384925.3267,1.0,0.689353049,188.1999969,111.0,0
1957,1958,160758.6311,384748.1551,1.0,0.670786142,312.4057922,111.0,0
1959,1960,164201.6056,383907.9231,1.0,0.523199677,321.7000122,207.0,0
1962,1963,160513.7488,385667.3549,1.0,0.729051054,302.1000061,111.0,0
1980,1981,161144.1368,384388.5681,1.0,0.598051906,296.1781616,111.0,0
1982,1983,161864.8717,384762.3035,1.0,0.385678053,209.0647888,207.0,0
1985,1986,158980.9394,383735.8844,1.0,0.554694593,283.0790405,77.0,0
1989,1990,158343.4048,381280.7292,1.0,0.668444753,316.1842346,77.0,0
1995,1996,160041.3387,381345.3538,1.0,0.679918051,250.0,77.0,0
1999,2000,162106.0664,385730.6764,1.0,0.636354089,333.8800049,207.0,0
2004,2005,159663.0817,383235.514,1.0,0.732380986,287.7683411,77.0,0
2011,2012,160050.2831,385988.7489,1.0,0.620827138,289.3678589,111.0,0
2022,2023,163198.0761,381545.8334,1.0,0.841509223,309.5212402,207.0,0
2023,2024,162487.5432,387430.2369,1.0,0.640317202,320.480011,207.0,0
2025,2026,158923.8111,384062.8086,1.0,0.496257216,324.0846558,77.0,0
2031,2032,161923.0613,379632.9094,1.0,0.202179089,367.3430786,207.0,0
2039,2040,160659.699,386962.4475,1.0,0.579478085,282.2701111,111.0,0
2040,2041,161092.2581,385486.2319,1.0,0.694765985,275.2999878,111.0,0
2052,2053,161339.7695,387911.7916,1.0,0.529358745,312.4341736,207.0,0
2053,2054,159798.053,381551.8921,1.0,0.690575719,310.611084,77.0,0
2056,2057,160265.2689,384662.7158,1.0,0.752047181,239.4514313,111.0,0
2060,2061,158869.8712,388603.8662,1.0,0.41414997,318.2000122,111.0,0
2062,2063,160595.6267,386804.5001,1.0,0.595675111,297.6000061,111.0,0
2072,2073,158563.339,383898.6113,1.0,0.505123556,298.0943604,77.0,0
2075,2076,160372.6753,385186.0352,1.0,0.757350683,295.3200073,111.0,0
2078,2079,163351.9735,382051.5871,1.0,0.752736032,296.0,207.0,0
2079,2080,161461.498,387961.567,1.0,0.520755053,307.0713196,207.0,0
2080,2081,159547.984,385076.746,1.0,0.644170403,191.3393555,111.0,0
2083,2084,161678.7813,385680.1825,1.0,0.663742006,264.3999939,207.0,0
2088,2089,162298.2693,384861.1273,1.0,0.385721356,325.7458191,207.0,0
2089,2090,161517.2721,384778.2347,1.0,0.476502925,281.4277039,207.0,0
2097,2098,161548.8598,387316.08,1.0,0.594446838,287.1269531,111.0,0
2101,2102,161629.234,388156.5972,1.0,0.482852459,312.0609741,207.0,0
2108,2109,160937.333,383938.2894,1.0,0.744611204,199.7442627,207.0,0
2112,2113,162134.8729,384743.0239,1.0,0.333351821,226.9406433,207.0,0
2120,2121,161950.5624,385860.8419,1.0,0.641086638,275.1000671,207.0,0
2125,2126,160767.5861,386788.0473,1.0,0.579246104,270.2000122,111.0,0
2129,2130,159028.4254,388660.9711,1.0,0.409440339,263.4776917,111.0,0
2130,2131,160262.9562,383535.2577,1.0,0.752638102,316.1841431,77.0,0
2133,2134,160153.934,384690.3584,1.0,0.718427062,249.5860443,111.0,0
2134,2135,163453.8515,382236.4196,1.0,0.70804137,292.680481,207.0,0
2136,2137,159655.9519,380915.5605,1.0,0.549227178,276.4309998,77.0,0
2141,2142,158982.9344,383627.3827,1.0,0.588943005,282.5605774,77.0,0
2148,2149,160923.4327,386692.4562,1.0,0.563834429,246.7076263,111.0,0
2155,2156,163421.924,381979.0212,1.0,0.780890167,318.2955933,207.0,0
2156,2157,162904.3235,387642.1009,1.0,0.510199249,319.5452576,207.0,0
2167,2168,161725.8342,385050.2711,1.0,0.556205928,286.0669556,207.0,0
2168,2169,163226.1037,383176.4259,1.0,0.797605813,280.6400146,207.0,0
2170,2171,162804.0251,381613.5172,1.0,0.858552992,307.2999878,207.0,0
2176,2177,160007.3153,382006.9818,1.0,0.666109383,271.764801,77.0,0
2182,2183,159953.9526,387311.2631,1.0,0.495719641,261.9421082,111.0,0
2185,2186,160210.8535,385942.0961,1.0,0.658548653,273.3169861,111.0,0
2190,2191,159373.0828,380985.6724,1.0,0.571183681,312.7399902,77.0,0
2196,2197,162547.1639,387525.3098,1.0,0.636244297,307.3334351,207.0,0
2201,2202,163563.9916,382788.453,1.0,0.723375022,315.2581482,207.0,0
2209,2210,161166.6267,385355.5174,1.0,0.612563193,283.0366211,111.0,0
2213,2214,160656.7466,385997.852,1.0,0.605190992,274.7714539,111.0,0
2226,2227,158839.319,383519.2957,1.0,0.596821129,266.7080078,77.0,0
2234,2235,159569.859,387071.0652,1.0,0.423203051,231.5550385,111.0,0
2237,2238,159354.0273,384223.4387,1.0,0.669733405,302.5041199,77.0,0
2250,2251,161271.3588,384678.1308,1.0,0.468328148,268.5973816,111.0,0
2257,2258,161879.0374,382826.4873,1.0,0.679034531,271.480011,207.0,0
2263,2264,161276.0308,383586.8338,1.0,0.638583243,263.2857971,111.0,0
2265,2266,159173.3637,383050.9993,1.0,0.57575345,284.1618347,77.0,0
2270,2271,160405.1746,386246.6849,1.0,0.591966629,254.2352448,111.0,0
2292,2293,158727.8143,383788.0126,1.0,0.524028182,239.1999969,77.0,0
2315,2316,163332.9108,382935.4982,1.0,0.737681389,323.9312134,207.0,0
2316,2317,163718.9582,383271.0705,1.0,0.664583802,283.4400024,207.0,0
2322,2323,161930.2579,379756.7416,1.0,0.21551238,327.0085754,207.0,0
2323,2324,160883.5963,385367.6479,1.0,0.709759891,297.9200134,111.0,0
2324,2325,161983.2682,379916.0334,1.0,0.226890206,293.1548767,207.0,0
2331,2332,161992.0262,385705.1505,1.0,0.65675658,263.2000122,207.0,0
2337,2338,161621.9288,384486.3,1.0,0.433503956,294.8500061,207.0,0
2340,2341,160942.1264,386550.3784,1.0,0.539498568,312.9095764,111.0,0
2357,2358,160762.2933,385619.4915,1.0,0.668454111,278.8999939,111.0,0
2364,2365,159455.8651,382123.2366,1.0,0.492934883,269.3891907,77.0,0
2365,2366,158272.4684,383476.3278,1.0,0.575152278,304.9398499,77.0,0
2366,2367,163265.4959,384173.4018,1.0,0.547004223,314.9998474,207.0,0
2371,2372,162553.5943,383347.9859,1.0,0.791443229,303.1109924,207.0,0
2373,2374,163076.5301,382305.2668,1.0,0.728333771,262.3999939,207.0,0
2375,2376,159322.0967,380881.5508,1.0,0.516556859,296.980011,77.0,0
2379,2380,159774.0148,384547.2421,1.0,0.623635948,258.2162476,77.0,0
2385,2386,161455.7666,388187.9799,1.0,0.47055912,315.4254456,207.0,0
2392,2393,164068.7153,383907.8047,1.0,0.577776074,300.8457947,207.0,0
2395,2396,161225.5677,387339.3482,1.0,0.558689594,286.8396912,207.0,0
2409,2410,161875.4315,385091.8121,1.0,0.534916878,148.2698975,207.0,0
2425,2426,158107.9996,383755.8082,1.0,0.554215789,287.1348267,77.0,0
2427,2428,160784.9578,386442.7127,1.0,0.567163646,259.2246094,111.0,0
2428,2429,163648.0906,383525.2838,1.0,0.673339903,270.374054,207.0,0
2430,2431,163059.7049,383270.3302,1.0,0.803589702,246.8448944,207.0,0
2438,2439,160502.9339,387437.5634,1.0,0.559202135,301.9923096,111.0,0
2442,2443,161822.594,385936.6671,1.0,0.647011697,275.8677368,207.0,0
2444,2445,161301.8994,383753.4315,1.0,0.623354793,298.9186707,207.0,0
2454,2455,157856.7159,383885.5023,1.0,0.530568898,361.5036011,77.0,0
2461,2462,161700.9374,384905.0972,1.0,0.505780041,275.5416565,207.0,0
2464,2465,159694.3937,386468.454,1.0,0.39116469,268.2609253,111.0,0
2468,2469,160472.8376,385773.5639,1.0,0.699604034,296.9859619,111.0,0
2488,2489,161489.5007,388089.6443,1.0,0.481343716,275.3206482,207.0,0
2492,2493,161967.4481,384389.0902,1.0,0.352133155,193.4438782,207.0,0
2496,2497,161942.1222,381939.8226,1.0,0.80932653,282.8829651,207.0,0
2497,2498,161855.6348,379556.4928,1.0,0.206630155,375.302948,207.0,0
2498,2499,163199.7738,384008.8843,1.0,0.606657028,273.6556396,207.0,0
2500,2501,161956.8969,385196.3357,1.0,0.551296949,148.9851685,207.0,0
2501,2502,160257.7543,381501.9807,1.0,0.70633173,298.8033142,77.0,0
2507,2508,161067.2336,384652.2501,1.0,0.557771087,264.125824,111.0,0
2509,2510,157803.0972,381928.0466,1.0,0.429728657,332.1871948,77.0,0
2519,2520,164059.4618,384085.9944,1.0,0.597011387,337.382019,207.0,0
2521,2522,160395.1264,384234.9873,1.0,0.712688565,210.1875458,111.0,0
2524,2525,164214.6088,383248.6316,1.0,0.461528271,279.7392883,207.0,0
2525,2526,163140.4869,382470.6616,1.0,0.74582392,306.4284668,207.0,0
2533,2534,162173.9797,381876.374,1.0,0.828432679,288.8912964,207.0,0
2540,2541,160257.0602,381246.6783,1.0,0.656434298,313.0722351,77.0,0
2548,2549,161879.2226,387347.9164,1.0,0.610815465,326.3186035,111.0,0
2551,2552,162780.2909,387175.1946,1.0,0.409066916,304.9200439,207.0,0
2556,2557,160303.4616,385268.575,1.0,0.775812387,286.9599915,111.0,0
2564,2565,161367.5142,383370.7436,1.0,0.616481185,299.719635,111.0,0
2568,2569,160542.1676,384581.1102,1.0,0.73537302,324.1048584,111.0,0
2572,2573,160128.987,381461.8056,1.0,0.72550714,282.8022461,77.0,0
2575,2576,159675.9363,384867.7484,1.0,0.65039736,198.0264435,111.0,0
2576,2577,163223.7247,382227.8502,1.0,0.745483041,299.019989,207.0,0
2580,2581,160268.5222,382213.9277,1.0,0.672645152,279.0799866,77.0,0
2581,2582,162359.2072,381040.112,1.0,0.641237319,311.1700134,207.0,0
2582,2583,158915.0155,388731.8541,1.0,0.384286463,281.3999939,111.0,0
2587,2588,159660.0943,381567.7516,1.0,0.646934211,243.411499,77.0,0
2589,2590,160831.4369,384333.7956,1.0,0.69400984,273.6203308,111.0,0
2596,2597,163064.9768,384073.8886,1.0,0.57454133,213.051712,207.0,0
2597,2598,160168.0553,382331.6466,1.0,0.703989387,248.8399963,77.0,0
2602,2603,159818.768,381947.0733,1.0,0.594312191,233.16362,77.0,0
2603,2604,160887.2033,385043.9608,1.0,0.645128787,118.0786209,111.0,0
2608,2609,159660.361,384456.5274,1.0,0.604890049,305.3969727,77.0,0
2615,2616,161370.498,384309.9521,1.0,0.558422446,338.8399963,207.0,0
2626,2627,160189.7157,384295.408,1.0,0.706866384,278.1509094,111.0,0
2635,2636,161385.3276,383550.8705,1.0,0.621846855,243.6908112,111.0,0
2636,2637,160226.3862,387753.3979,1.0,0.531336069,314.2995605,207.0,0
2637,2638,158637.318,380999.0299,1.0,0.612238348,329.7565308,77.0,0
2656,2657,162954.8543,381051.662,1.0,0.73704052,274.0,207.0,0
2668,2669,159555.4842,381886.7806,1.0,0.571841717,304.5541687,77.0,0
2670,2671,161977.9505,384547.8425,1.0,0.334393263,165.5144501,207.0,0
2677,2678,159953.4761,381033.2515,1.0,0.620832264,314.1237488,77.0,0
2679,2680,161214.5964,387581.5559,1.0,0.547183931,333.9500122,207.0,0
2687,2688,159138.2768,381375.6535,1.0,0.610082865,308.0273743,77.0,0
2713,2714,159603.6463,387295.7886,1.0,0.470295846,307.0532227,111.0,0
2717,2718,160754.4223,384859.4414,1.0,0.651425302,237.7900696,111.0,0
2718,2719,162066.5928,384912.3746,1.0,0.445631981,259.62854,207.0,0
2721,2722,157807.8734,381746.3166,1.0,0.482154399,101.9957352,77.0,0
2724,2725,162818.2703,383300.6637,1.0,0.812767744,304.2000122,207.0,0
2726,2727,160368.9593,386061.7574,1.0,0.63517487,276.9037476,111.0,0
2728,2729,164529.6389,385002.7282,1.0,0.227722183,330.9768677,207.0,0
2729,2730,163499.1458,381233.4237,1.0,0.72481221,299.4400024,207.0,0
2730,2731,158434.7656,383535.6242,1.0,0.557976186,267.9031067,77.0,0
2731,2732,160194.1431,387005.579,1.0,0.52679044,242.0,111.0,0
2736,2737,161084.7989,384789.2709,1.0,0.57204175,251.4805603,111.0,0
2742,2743,159113.0959,383300.9069,1.0,0.649114311,331.3500061,77.0,0
2749,2750,162156.6827,387745.5997,1.0,0.658812761,271.4189758,207.0,0
2754,2755,161600.0019,388032.2152,1.0,0.524955213,262.0092773,207.0,0
2755,2756,159545.3602,384662.6403,1.0,0.571826875,307.656189,111.0,0
2756,2757,160332.7286,382344.9681,1.0,0.709350288,299.0175171,77.0,0
2764,2765,162695.1997,388333.8976,1.0,0.382232457,378.2146301,207.0,0
2767,2768,161963.2122,386843.6109,1.0,0.505412638,280.0242004,207.0,0
2782,2783,160043.6407,382177.4302,1.0,0.666769266,235.9355316,77.0,0
2786,2787,162602.5537,387659.2666,1.0,0.624315143,277.3312073,207.0,0
2788,2789,159192.1102,388542.9898,1.0,0.435104281,312.6778259,111.0,0
2791,2792,160238.7593,386907.6059,1.0,0.552870452,226.8473969,111.0,0
2795,2796,159046.557,383445.4235,1.0,0.655406892,236.0,77.0,0
2800,2801,159934.0225,385500.9373,1.0,0.741906583,325.7990112,111.0,0
2817,2818,160278.4905,386130.6292,1.0,0.620129526,251.4799957,111.0,0
2820,2821,160089.8329,383855.0289,1.0,0.682834923,264.1248474,111.0,0
2827,2828,161411.1433,379569.8274,1.0,0.273193151,382.6601563,207.0,0
2830,2831,159905.7219,384138.0942,1.0,0.67473942,408.202301,111.0,0
2840,2841,161165.7286,384707.3446,1.0,0.521517456,249.9199982,111.0,0
2854,2855,161297.2297,384448.1656,1.0,0.517976046,309.3616333,207.0,0
2856,2857,161570.0992,385724.6263,1.0,0.645469606,298.980011,207.0,0
2857,2858,161703.9584,384655.2106,1.0,0.383714288,257.6198425,207.0,0
2867,2868,162176.9005,386623.573,1.0,0.449975222,275.5599976,207.0,0
2872,2873,161820.6226,385277.5316,1.0,0.610586584,279.8875427,207.0,0
2874,2875,162008.284,384691.1284,1.0,0.331015646,180.7503815,207.0,0
2880,2881,160375.7798,382222.2246,1.0,0.706766486,311.019989,77.0,0
2892,2893,160721.9562,383770.6384,1.0,0.765314162,259.1463623,111.0,0
2899,2900,159127.7383,389086.4695,1.0,0.336923689,314.6799927,111.0,0
2904,2905,161985.2611,387003.6255,1.0,0.546035171,290.4743042,207.0,0
2912,2913,163956.527,383055.1147,1.0,0.593871117,280.9019165,207.0,0
2915,2916,157957.2033,381107.7953,1.0,0.552336872,142.9022675,77.0,0
2919,2920,159191.1014,383527.3314,1.0,0.672920585,242.0880127,77.0,0
2934,2935,163543.1229,383006.6338,1.0,0.753668785,291.793335,207.0,0
2942,2943,159883.1781,381689.1288,1.0,0.677668691,290.9194031,77.0,0
2943,2944,163012.0247,384329.0748,1.0,0.464716583,284.3866577,207.0,0
2956,2957,162319.0396,387334.7394,1.0,0.590813577,302.5272827,207.0,0
2957,2958,159020.2839,388808.5061,1.0,0.388078511,297.7999878,111.0,0
2960,2961,159296.3529,382668.4145,1.0,0.463571519,329.6443481,77.0,0
2974,2975,159612.6118,382161.8357,1.0,0.550795913,250.1900024,77.0,0
2976,2977,163644.0872,383342.7727,1.0,0.690780401,286.1403809,207.0,0
2978,2979,162076.8726,386884.7664,1.0,0.523156822,294.6359558,207.0,0
2985,2986,162927.5551,381660.0973,1.0,0.834623873,277.0450134,207.0,0
2989,2990,158559.9117,383317.8105,1.0,0.611614227,315.5929871,77.0,0
2995,2996,159171.169,388665.2091,1.0,0.415004313,278.019989,111.0,0
2998,2999,158447.9072,381270.1782,1.0,0.669312894,318.5627747,77.0,0
3007,3008,159754.0784,386846.9046,1.0,0.429451853,345.2491455,111.0,0
3019,3020,161370.5609,384569.4448,1.0,0.459538996,323.294281,207.0,0
3020,3021,161258.8512,387993.3013,1.0,0.515651703,307.2082825,207.0,0
3022,3023,161104.7827,386215.5992,1.0,0.486615688,259.3079834,111.0,0
3023,3024,158836.0455,383759.7411,1.0,0.522784233,271.6112976,77.0,0
3040,3041,158725.8406,383971.2284,1.0,0.504328787,331.3999939,77.0,0
3047,3048,161620.3947,386023.5993,1.0,0.588457823,299.1647339,207.0,0
3052,3053,160433.7573,382521.6983,1.0,0.795567513,303.8630066,77.0,0
3053,3054,159557.0819,386944.9336,1.0,0.412691683,327.6488342,111.0,0
3070,3071,160501.4816,386891.0926,1.0,0.595287919,315.3043518,111.0,0
3071,3072,160783.2797,385141.522,1.0,0.661595047,243.3479614,111.0,0
3079,3080,161264.437,385601.419,1.0,0.633218765,271.2817078,207.0,0
3086,3087,158929.3141,383851.6755,1.0,0.520197988,280.723999,77.0,0
3089,3090,160423.0014,385860.9184,1.0,0.684870422,299.1815186,111.0,0
3090,3091,159642.8513,386306.6546,1.0,0.405907243,295.1289368,111.0,0
3093,3094,160795.5766,384437.4761,1.0,0.683090448,251.5180206,111.0,0
3094,3095,159975.8997,385329.793,1.0,0.749842942,314.2600098,111.0,0
3095,3096,157877.3597,381595.6462,1.0,0.485318065,301.0881042,77.0,0
3108,3109,158288.7324,383678.5076,1.0,0.538820267,272.8399963,77.0,0
3110,3111,163212.9683,383633.469,1.0,0.729999721,335.8033752,207.0,0
3111,3112,159808.4974,386526.8126,1.0,0.430480868,286.2627258,111.0,0
3121,3122,159432.357,383509.4156,1.0,0.716847718,245.7170105,77.0,0
3128,3129,160780.289,385489.0206,1.0,0.688839376,314.2399292,111.0,0
3130,3131,159430.7211,385008.2042,1.0,0.616907358,264.9969482,111.0,0
3136,3137,162333.532,386929.4716,1.0,0.476928324,303.211731,207.0,0
3137,3138,163719.5081,383973.6738,1.0,0.604682207,274.7000122,207.0,0
3141,3142,159769.8718,386306.973,1.0,0.436369061,282.1199951,111.0,0
3145,3146,159014.9424,384199.4195,1.0,0.530786991,323.4500122,77.0,0
3149,3150,163771.9508,383733.4185,1.0,0.623991251,319.9599915,207.0,0
3154,3155,159474.2417,381679.9619,1.0,0.587546706,255.3067474,77.0,0
3156,3157,164553.2393,383795.8973,1.0,0.35661763,311.9168701,207.0,0
3171,3172,158662.6014,383525.904,1.0,0.591810048,308.6799927,77.0,0
3172,3173,161457.0844,385638.2798,1.0,0.643206775,285.0299988,207.0,0
3180,3181,163019.2831,386121.7965,1.0,0.220717326,322.2633667,207.0,0
3184,3185,161982.0278,387273.1661,1.0,0.590337813,311.4163818,111.0,0
3185,3186,161571.2057,387580.5283,1.0,0.581297755,322.239563,207.0,0
3192,3193,159789.228,387138.015,1.0,0.466835737,187.0673828,111.0,0
3197,3198,161959.8072,387672.6798,1.0,0.643554747,307.585083,207.0,0
3199,3200,162523.5943,383182.5226,1.0,0.77517873,273.4944458,207.0,0
3200,3201,159781.5941,382254.3612,1.0,0.538260043,241.5735779,77.0,0
3230,3231,164246.275,384771.9646,1.0,0.348303735,300.5483704,207.0,0
3234,3235,161667.7362,386115.0457,1.0,0.574875653,309.5799866,207.0,0
3235,3236,159745.5846,382436.6236,1.0,0.539949954,283.2689209,77.0,0
3241,3242,162504.3338,381463.0041,1.0,0.805750191,330.8837585,207.0,0
3246,3247,160054.0926,387284.9446,1.0,0.530658364,266.1599731,111.0,0
3247,3248,162381.0925,387426.8634,1.0,0.660933793,316.8800049,207.0,0
3253,3254,161722.2372,387516.5264,1.0,0.632676959,312.382843,207.0,0
3257,3258,162183.1299,382676.1953,1.0,0.763437629,319.5932007,207.0,0
3264,3265,160184.8992,381645.8218,1.0,0.700496197,264.3069763,77.0,0
3269,3270,160650.2165,381365.5336,1.0,0.608894289,329.6219482,77.0,0
3276,3277,159160.0328,383976.2659,1.0,0.572888911,304.3042603,77.0,0
3279,3280,158577.0191,381410.3885,1.0,0.634414315,293.9564209,77.0,0
3283,3284,160928.8226,384417.5255,1.0,0.661250591,258.480011,111.0,0
3285,3286,160965.8205,384949.3112,1.0,0.616740942,202.2976685,111.0,0
3290,3291,157861.4217,383635.0697,1.0,0.580391884,263.1237793,77.0,0
3304,3305,162073.4851,386225.2031,1.0,0.51298207,304.980011,207.0,0
3305,3306,162275.7683,381132.808,1.0,0.656360149,323.7200012,207.0,0
3311,3312,159310.2522,382904.55,1.0,0.545222282,321.8077698,77.0,0
3313,3314,162001.737,381637.2003,1.0,0.827930212,314.183136,207.0,0
3332,3333,160962.8712,382873.6788,1.0,0.84473294,303.6000061,77.0,0
3336,3337,162495.082,387835.16,1.0,0.632197618,250.4402618,207.0,0
3341,3342,163997.8213,383980.3599,1.0,0.594699621,281.2399902,207.0,0
3343,3344,162952.2891,383288.2413,1.0,0.820289195,292.2106628,207.0,0
3347,3348,161608.2267,387781.5778,1.0,0.580819368,322.6427307,207.0,0
3349,3350,160516.6015,384875.4357,1.0,0.749759495,256.0799866,111.0,0
3350,3351,161288.0462,384780.0025,1.0,0.492811352,280.6099548,111.0,0
3353,3354,159411.4174,381979.6753,1.0,0.515452623,275.5700073,77.0,0
3363,3364,158979.8401,387744.0587,1.0,0.457577676,339.9891357,111.0,0
3364,3365,159411.6415,382257.4051,1.0,0.452484399,304.2499084,77.0,0
3372,3373,159330.639,384085.6776,1.0,0.616577983,199.1882477,111.0,0
3374,3375,163370.6052,381406.0606,1.0,0.80974102,279.1600037,207.0,0
3389,3390,162756.1514,387359.5227,1.0,0.531308174,298.5341797,207.0,0
3396,3397,161023.0688,386355.0536,1.0,0.491891742,313.5733643,111.0,0
3407,3408,162876.5833,383218.3389,1.0,0.810126066,251.0599976,207.0,0
3413,3414,163829.6667,383163.1322,1.0,0.644381464,266.5469971,207.0,0
3416,3417,162137.9671,384481.9771,1.0,0.331317067,180.6946106,,0
3422,3423,160093.5881,381007.9182,1.0,0.549516678,295.1000061,77.0,0
3424,3425,160530.1306,381875.369,1.0,0.6794191,328.6168213,77.0,0
3435,3436,160787.1853,385271.7418,1.0,0.691258311,300.8477478,111.0,0
3445,3446,160856.4767,386909.6904,1.0,0.559076369,291.3165588,111.0,0
3450,3451,161327.3032,383135.9889,1.0,0.655862451,262.6404419,111.0,0
3454,3455,163470.2947,383367.9944,1.0,0.731430769,331.3196411,207.0,0
3463,3464,161283.1721,384229.0308,1.0,0.61727494,321.9421692,207.0,0
3465,3466,159155.363,381480.2382,1.0,0.564284563,282.7200012,77.0,0
3488,3489,163223.633,383026.2145,1.0,0.753182173,305.639679,207.0,0
3490,3491,160968.3462,385664.4486,1.0,0.664313257,294.688324,111.0,0
3497,3498,161761.176,384782.3564,1.0,0.462016821,247.049881,207.0,0
3500,3501,160497.2518,384460.3801,1.0,0.735980511,298.2053833,111.0,0
3509,3510,163537.2359,381976.6294,1.0,0.758914232,310.1000061,207.0,0
3515,3516,161335.6458,383897.3783,1.0,0.609388411,327.7720642,207.0,0
3521,3522,163339.1974,384083.5914,1.0,0.576556742,313.7493591,207.0,0
3526,3527,158898.6576,389020.3025,1.0,0.330833584,302.25,111.0,0
3538,3539,162054.2805,388184.3148,1.0,0.485699743,337.6737061,207.0,0
3539,3540,163934.011,382811.3852,1.0,0.588917017,289.2157593,207.0,0
3551,3552,160932.9289,387496.5045,1.0,0.542572141,323.6765747,207.0,0
3560,3561,163654.3317,383754.5291,1.0,0.666219711,315.3908691,207.0,0
3564,3565,158982.2631,383359.7915,1.0,0.63182795,297.8210449,77.0,0
3565,3566,159498.2782,387192.1698,1.0,0.441150188,311.2723389,111.0,0
3574,3575,164758.1526,383809.1855,1.0,0.251610398,276.8034668,207.0,0
3579,3580,159038.568,382901.0537,1.0,0.543149352,321.0690918,77.0,0
3583,3584,161096.7167,385031.0805,1.0,0.6220119,229.9514618,111.0,0
3594,3595,161863.6185,381843.2458,1.0,0.813774645,319.3205261,207.0,0
3606,3607,159660.4448,385224.5352,1.0,0.742058277,304.3200073,111.0,0
3610,3611,161446.2364,387471.9679,1.0,0.564780235,321.9935303,207.0,0
3613,3614,159717.8808,384765.3793,1.0,0.635121047,211.670517,111.0,0
3614,3615,161312.6522,382911.9545,1.0,0.683010995,320.6600037,77.0,0
3615,3616,162155.9218,388171.6208,1.0,0.497119576,297.3068542,207.0,0
3618,3619,162036.8459,385551.4496,1.0,0.648273647,320.3430176,207.0,0
3645,3646,161192.7047,385079.9651,1.0,0.606558263,320.9616089,111.0,0
3647,3648,161092.7691,383938.3636,1.0,0.682920337,252.4233246,207.0,0
3650,3651,159249.1872,383691.5992,1.0,0.644842029,275.3111877,77.0,0
3655,3656,158835.7281,381014.0443,1.0,0.571915567,299.660675,77.0,0
3656,3657,160248.2766,384560.0306,1.0,0.729878902,273.1464844,111.0,0
3660,3661,162320.1059,387046.1969,1.0,0.507648349,311.8824158,207.0,0
3674,3675,161447.9424,383190.6021,1.0,0.614483416,309.2032776,111.0,0
3675,3676,161023.4877,387379.9432,1.0,0.552601039,274.6625671,207.0,0
3677,3678,162963.1696,387879.8873,1.0,0.445573896,307.6749878,207.0,0
3681,3682,163713.4348,381800.3198,1.0,0.670540035,312.7000122,207.0,0
3686,3687,162025.5793,386683.8131,1.0,0.453469336,286.6740723,207.0,0
3688,3689,159201.6768,382933.6635,1.0,0.54807514,259.8128662,77.0,0
3706,3707,163087.9584,381950.702,1.0,0.796191573,315.1135864,207.0,0
3708,3709,164458.6612,383740.9709,1.0,0.380018502,318.9273987,207.0,0
3717,3718,158713.6515,383432.3027,1.0,0.618652165,293.5599976,77.0,0
3719,3720,162999.428,381572.0132,1.0,0.856625736,278.0,207.0,0
3720,3721,159561.8003,383166.9484,1.0,0.703609347,316.0398865,77.0,0
3724,3725,162978.3241,382267.6966,1.0,0.728383064,301.5343628,207.0,0
3729,3730,161034.9924,385287.3979,1.0,0.619077682,309.0524292,111.0,0
3730,3731,161622.0312,386758.7451,1.0,0.468461514,311.1306763,111.0,0
3732,3733,161852.5307,386069.3901,1.0,0.619038522,250.4453583,207.0,0
3733,3734,159655.0965,381759.1206,1.0,0.601997614,224.4600067,77.0,0
3744,3745,160139.7815,385310.9063,1.0,0.763835549,258.6492615,111.0,0
3746,3747,161956.6386,384807.576,1.0,0.38137278,195.7580261,207.0,0
3761,3762,159845.6567,385111.6705,1.0,0.727170348,292.2997131,111.0,0
3763,3764,162436.9786,386941.1987,1.0,0.483733475,316.5603638,207.0,0
3766,3767,160630.8849,387933.3786,1.0,0.475285083,325.7262268,207.0,0
3772,3773,158460.3465,381495.18,1.0,0.621806383,309.1042175,77.0,0
3777,3778,159315.7128,381254.1883,1.0,0.594475269,285.6879883,77.0,0
3779,3780,161541.2551,385522.4166,1.0,0.670260549,289.0743408,207.0,0
3786,3787,160715.4458,386113.7399,1.0,0.585195541,292.9148254,111.0,0
3792,3793,159330.6574,381630.9738,1.0,0.564249873,240.0754852,77.0,0
3793,3794,161594.1341,379760.0334,1.0,0.253081769,349.6847534,207.0,0
3799,3800,161165.3974,385950.2313,1.0,0.538031578,279.4308472,207.0,0
3809,3810,163499.4283,383260.617,1.0,0.74681741,282.5363464,207.0,0
3816,3817,159572.8063,381640.1631,1.0,0.631686926,227.9129944,77.0,0
3819,3820,161069.2395,384038.1712,1.0,0.688154817,329.7709045,207.0,0
3834,3835,161192.7948,386609.5388,1.0,0.487112105,307.6283875,111.0,0
3835,3836,159733.9385,381148.5825,1.0,0.630667806,256.2310486,77.0,0
3851,3852,160785.2696,384005.7642,1.0,0.74768281,236.0399933,111.0,0
3854,3855,161881.3223,379936.5536,1.0,0.25550732,257.8815308,207.0,0
3858,3859,159012.8289,383918.2136,1.0,0.511294484,300.5001831,77.0,0
3868,3869,160828.5708,386660.0818,1.0,0.563365459,255.1990967,111.0,0
3874,3875,160952.9376,384738.3683,1.0,0.599089742,245.6399994,111.0,0
3878,3879,162852.042,387810.4068,1.0,0.514722943,317.3000488,207.0,0
3882,3883,163113.269,382181.6444,1.0,0.745049894,304.6400146,207.0,0
3883,3884,160215.9077,381343.6645,1.0,0.678600073,277.3169861,77.0,0
3887,3888,160987.9511,384506.1333,1.0,0.615795314,209.8800049,111.0,0
3902,3903,157998.2755,381761.3835,1.0,0.474135548,287.3526001,77.0,0
3914,3915,160679.9058,385337.1843,1.0,0.733194351,286.1130981,111.0,0
3916,3917,158744.7403,380952.5625,1.0,0.58218056,326.5993042,77.0,0
3917,3918,159705.2437,381034.4314,1.0,0.60606873,278.1661987,77.0,0
3918,3919,160192.0842,384472.1137,1.0,0.701448679,276.1977539,111.0,0
3922,3923,159494.5494,381415.4256,1.0,0.605819106,294.1499939,77.0,0
3943,3944,163719.3825,382175.2313,1.0,0.662111163,295.1400146,207.0,0
3949,3950,163157.6748,384179.0253,1.0,0.522398114,186.6880188,207.0,0
3963,3964,161660.4288,387292.2581,1.0,0.576740444,287.2000122,111.0,0
3965,3966,161951.4831,386222.0377,1.0,0.536553085,275.155426,207.0,0
3968,3969,161346.4374,387518.7201,1.0,0.565864861,307.4537048,207.0,0
3970,3971,161435.4138,387840.2603,1.0,0.540705383,320.5640869,207.0,0
3978,3979,160118.2584,381108.3605,1.0,0.638890505,306.3599854,77.0,0
3985,3986,159738.0478,386604.1351,1.0,0.404970229,342.2729187,111.0,0
3996,3997,163704.2511,383076.7478,1.0,0.720892727,254.3099365,207.0,0
3997,3998,157993.7348,381628.3993,1.0,0.500539064,316.3268127,77.0,0
4004,4005,160871.815,383486.1329,1.0,0.758799255,294.4371643,111.0,0
4007,4008,160843.975,382874.1414,1.0,0.848573029,249.4187775,77.0,0
4008,4009,161750.9023,385149.2502,1.0,0.586989403,281.008606,207.0,0
4011,4012,162714.1204,388022.427,1.0,0.513167441,324.2200012,207.0,0
4012,4013,161564.6251,384352.3629,1.0,0.461139977,344.4657593,207.0,0
4023,4024,157673.0419,383913.9005,1.0,0.539211512,411.4150085,111.0,0
4027,4028,163237.4589,383488.4505,1.0,0.770819545,262.7999878,207.0,0
4029,4030,161395.3171,384709.6289,1.0,0.481136262,313.3824158,207.0,0
4031,4032,162546.3303,381302.36,1.0,0.75159812,320.4207764,207.0,0
4040,4041,159412.2797,383093.0107,1.0,0.626522005,296.0657349,77.0,0
4042,4043,160420.312,384387.828,1.0,0.729608834,301.0,111.0,0
4046,4047,161750.8044,386776.9064,1.0,0.503451169,318.9150085,111.0,0
4048,4049,162012.0241,386480.4674,1.0,0.466572165,269.4100037,207.0,0
4067,4068,163459.4619,382912.4965,1.0,0.724669397,319.299408,207.0,0
4068,4069,159158.749,383631.2547,1.0,0.638970017,265.3025513,77.0,0
4071,4072,158219.6549,381187.4825,1.0,0.635896623,329.8735352,77.0,0
4075,4076,159853.6409,384346.4253,1.0,0.621342659,308.8129272,111.0,0
4077,4078,159869.8933,382094.8061,1.0,0.577951074,235.6994934,77.0,0
4081,4082,160719.1886,384217.6788,1.0,0.741059661,269.4502869,111.0,0
4086,4087,160077.4718,381203.7824,1.0,0.664998353,282.7399902,77.0,0
4097,4098,159029.4279,383058.8858,1.0,0.565122545,307.9459229,77.0,0
4108,4109,159746.4033,385037.5683,1.0,0.681954145,245.081192,111.0,0
4113,4114,159758.3599,381718.7591,1.0,0.642025888,228.8379974,77.0,0
4128,4129,160333.4639,382448.7568,1.0,0.740138292,288.3902588,77.0,0
4138,4139,162233.8881,387222.2437,1.0,0.567261636,297.96875,207.0,0
4139,4140,163465.0416,382090.3464,1.0,0.727191687,282.4674683,207.0,0
4141,4142,159907.1035,381871.0185,1.0,0.64533484,310.0,77.0,0
4142,4143,160285.0585,384885.88,1.0,0.751982629,309.7998962,111.0,0
4143,4144,159582.2442,386091.4303,1.0,0.412733287,379.8960266,111.0,0
4144,4145,160166.8809,386033.4907,1.0,0.636670232,283.0,111.0,0
4146,4147,161294.4673,385004.2912,1.0,0.55633539,320.2588806,207.0,0
4150,4151,161727.0192,385989.8131,1.0,0.624844849,286.1600037,207.0,0
4154,4155,164025.4694,383721.9156,1.0,0.566279292,324.4235229,207.0,0
4156,4157,160256.5642,382065.7936,1.0,0.662609458,306.6360168,77.0,0
4159,4160,164741.3682,383655.1867,1.0,0.252825499,295.9599915,207.0,0
4170,4171,160498.1257,386028.2841,1.0,0.620117545,262.7028503,111.0,0
4177,4178,160887.2867,386789.7803,1.0,0.582642734,231.4801331,111.0,0
4182,4183,162809.9028,387705.8802,1.0,0.546327531,317.3999939,207.0,0
4187,4188,159453.9048,381834.1152,1.0,0.560468495,306.0286865,77.0,0
4197,4198,161317.5695,383018.207,1.0,0.678198755,319.1409302,77.0,0
4202,4203,162473.9044,380854.0075,1.0,0.519997835,238.6869965,207.0,0
4204,4205,162307.4271,386578.1093,1.0,0.42936492,291.2999878,207.0,0
4208,4209,163326.8425,383678.9473,1.0,0.699537456,334.0400085,207.0,0
4215,4216,159625.9419,382458.1016,1.0,0.495112449,311.3748474,77.0,0
4219,4220,161154.9758,384215.6525,1.0,0.648128092,272.8623962,207.0,0
4235,4236,161667.4406,384344.5189,1.0,0.455327094,299.918396,207.0,0
4244,4245,163097.9431,383399.0292,1.0,0.800857246,309.2999878,207.0,0
4248,4249,160021.969,382297.2442,1.0,0.603938997,244.2997284,77.0,0
4262,4263,161256.7936,385297.8826,1.0,0.628513753,293.7936401,207.0,0
4267,4268,160401.032,385632.5809,1.0,0.749007702,316.5599976,111.0,0
4271,4272,161450.4933,385278.0313,1.0,0.590766549,329.1420898,207.0,0
4288,4289,162035.1905,382249.5066,1.0,0.802838624,323.3752136,207.0,0
4291,4292,160647.6394,386222.2793,1.0,0.579044759,246.6494598,111.0,0
4296,4297,163805.3393,382781.2388,1.0,0.645525217,279.8665161,207.0,0
4301,4302,161240.1048,386476.9163,1.0,0.45701468,331.3930664,207.0,0
4309,4310,161822.0753,379764.8216,1.0,0.235458255,307.8051758,207.0,0
4310,4311,160859.4018,384913.1015,1.0,0.63839525,139.5307007,111.0,0
4314,4315,160152.5688,382102.4638,1.0,0.662974954,265.7850952,77.0,0
4330,4331,159914.3402,381256.6163,1.0,0.671489656,274.8649902,77.0,0
4337,4338,159189.7562,381288.2693,1.0,0.615959942,275.7608948,77.0,0
4341,4342,163987.4222,382959.939,1.0,0.608820081,280.1099854,207.0,0
4354,4355,160071.857,387036.4913,1.0,0.534274638,297.8909912,111.0,0
4355,4356,163728.5199,383853.179,1.0,0.629526615,338.7407227,207.0,0
4357,4358,158793.2063,380629.9919,1.0,0.437464386,308.6026611,77.0,0
4358,4359,157692.6576,383438.4764,1.0,0.549541116,345.8745422,77.0,0
4364,4365,161560.1115,385399.4659,1.0,0.644106507,338.8842468,207.0,0
4367,4368,161512.4228,384942.0588,1.0,0.502015471,190.7987518,207.0,0
4373,4374,159955.0111,384576.7145,1.0,0.674090862,260.1967773,111.0,0
4382,4383,161694.1643,387963.8748,1.0,0.535483062,309.5991211,207.0,0
4390,4391,163807.7444,383065.3822,1.0,0.666289747,245.2980194,207.0,0
4400,4401,161047.3999,385394.4424,1.0,0.652733445,283.027832,111.0,0
4403,4404,159217.6139,382806.3249,1.0,0.516726971,308.3728943,77.0,0
4423,4424,160580.321,387805.8291,1.0,0.484122813,319.2000122,207.0,0
4425,4426,161092.3303,383721.4578,1.0,0.720461667,316.4906311,207.0,0
4426,4427,160847.4617,383731.6722,1.0,0.78295666,292.4216003,207.0,0
4429,4430,159277.7632,381387.8462,1.0,0.574914336,305.7600098,77.0,0
4448,4449,162454.4145,381726.0987,1.0,0.843195558,293.5684814,207.0,0
4449,4450,161086.8359,387956.0511,1.0,0.492254585,322.0897217,207.0,0
4450,4451,162088.1897,387410.0074,1.0,0.604010761,270.0942383,207.0,0
4461,4462,162955.6389,384118.6758,1.0,0.558394134,308.8737488,207.0,0
4465,4466,161904.9727,385616.5747,1.0,0.675865948,278.0400085,207.0,0
4469,4470,160679.88,385785.6869,1.0,0.651818991,237.6199951,111.0,0
4479,4480,160857.8026,384687.9946,1.0,0.633115232,251.5179443,111.0,0
4481,4482,160830.5744,387528.8309,1.0,0.538581491,324.6015625,207.0,0
4484,4485,160798.4008,386178.5816,1.0,0.56753844,305.1894226,111.0,0
4485,4486,160402.0408,384083.0376,1.0,0.732111096,275.7999878,111.0,0
4512,4513,164675.0716,384130.0367,1.0,0.33776167,278.3588257,207.0,0
4513,4514,158401.1034,383831.3579,1.0,0.509314716,238.0399933,77.0,0
4523,4524,161492.3764,384669.7882,1.0,0.400336802,329.3989563,207.0,0
4526,4527,160431.1909,386143.8796,1.0,0.619014382,278.3441162,111.0,0
4528,4529,161601.2441,379651.5928,1.0,0.238047987,345.7332458,207.0,0
4529,4530,158622.2817,383697.458,1.0,0.542843282,279.9967957,77.0,0
4531,4532,164391.9739,384127.8855,1.0,0.507490158,307.4804993,207.0,0
4552,4553,164329.4971,384916.4526,1.0,0.280028343,249.780014,207.0,0
4553,4554,158803.4166,383872.7989,1.0,0.50648433,300.3110962,77.0,0
4554,4555,159265.0094,384441.7099,1.0,0.602947891,279.5537109,77.0,0
4560,4561,160879.7508,385563.2051,1.0,0.685726166,275.2929993,111.0,0
4566,4567,164455.7831,384915.0236,1.0,0.259220511,288.1152344,207.0,0
4575,4576,161366.351,385841.4645,1.0,0.582709253,308.7501526,207.0,0
4580,4581,159510.9168,382476.8756,1.0,0.460214883,318.2704773,77.0,0
4581,4582,160297.575,387824.3247,1.0,0.521705508,278.9128418,207.0,0
4583,4584,163204.5045,382909.8138,1.0,0.739772558,328.9765625,207.0,0
4588,4589,162888.5641,382070.228,1.0,0.772796869,306.2410583,207.0,0
4590,4591,161682.0768,385826.4402,1.0,0.643147707,271.2399902,207.0,0
4598,4599,160079.8307,380908.5294,1.0,0.491562426,298.9200134,77.0,0
4599,4600,160471.1041,381337.1345,1.0,0.625027835,250.763504,77.0,0
4600,4601,160618.7755,381259.7442,1.0,0.60012424,301.6940613,77.0,0
4603,4604,160575.1615,384381.6589,1.0,0.741323709,268.4002686,111.0,0
4604,4605,163434.3623,383477.3293,1.0,0.714586496,329.1600037,207.0,0
4607,4608,159822.6346,386981.8311,1.0,0.456707865,256.6883545,111.0,0
4613,4614,159134.8265,388835.5466,1.0,0.384632647,297.499939,111.0,0
4614,4615,162374.1635,387169.8309,1.0,0.539996743,297.3999939,207.0,0
4619,4620,161513.0012,386025.146,1.0,0.569393635,321.6500244,207.0,0
4632,4633,159298.3902,383037.0496,1.0,0.587782502,272.4182129,77.0,0
4633,4634,161348.411,387402.3294,1.0,0.571234822,277.4996948,207.0,0
4640,4641,159203.3943,380808.0911,1.0,0.493806064,312.3279114,77.0,0
4649,4650,164759.0842,384296.8994,1.0,0.282192409,318.2168884,207.0,0
4652,4653,160491.847,386309.8555,1.0,0.557719767,307.8999939,111.0,0
4659,4660,158510.8903,383616.2973,1.0,0.546010613,281.6055908,77.0,0
4660,4661,160508.8226,381523.599,1.0,0.682630122,272.3364563,77.0,0
4662,4663,159898.6888,382240.4487,1.0,0.57360369,239.4224548,77.0,0
4668,4669,161528.3866,387883.0198,1.0,0.536639452,309.7319641,207.0,0
4670,4671,160836.2831,384139.2969,1.0,0.742627561,255.8288422,207.0,0
4673,4674,161652.1335,379542.5963,1.0,0.224249378,370.317749,207.0,0
4682,4683,161880.689,386770.5794,1.0,0.485691398,295.6820068,111.0,0
4683,4684,159516.417,382216.8525,1.0,0.502681971,263.2421265,77.0,0
4689,4690,157757.7976,383542.2743,1.0,0.551442504,305.330658,77.0,0
4693,4694,160084.9676,385395.0928,1.0,0.757317007,266.1000061,111.0,0
4696,4697,160132.5796,382493.6134,1.0,0.711252689,303.6807861,77.0,0
4698,4699,162069.1476,386042.2594,1.0,0.582291961,292.8389587,207.0,0
4699,4700,162450.3906,381116.8652,1.0,0.682124615,319.0419922,207.0,0
4701,4702,159849.7755,387333.8635,1.0,0.485776484,281.1911011,111.0,0
4705,4706,160491.9615,381215.8786,1.0,0.588813186,300.8720093,77.0,0
4712,4713,160840.4816,384546.7805,1.0,0.652469397,284.0,111.0,0
4716,4717,162554.6126,386740.3339,1.0,0.385328621,307.5465393,207.0,0
4724,4725,163058.7691,384215.3347,1.0,0.514315546,70.87774658,207.0,0
4729,4730,161300.6931,385430.2135,1.0,0.551814973,267.2399902,207.0,0
4734,4735,160240.6054,385511.2536,1.0,0.756411493,260.4960632,111.0,0
4737,4738,160861.4365,385685.5836,1.0,0.641687453,294.3999939,111.0,0
4743,4744,161695.549,388074.2004,1.0,0.507336378,298.7999878,207.0,0
4744,4745,158339.1252,381397.3623,1.0,0.642471671,301.7912598,77.0,0
4746,4747,163607.424,382922.35,1.0,0.741988122,284.4269104,207.0,0
4749,4750,162218.5616,386908.2814,1.0,0.49414143,290.5799866,207.0,0
4757,4758,154475.4063,382900.9089,1.0,0.0,302.1912537,77.0,0
4758,4759,162099.7565,387949.5853,1.0,0.611222565,330.4436646,207.0,0
4759,4760,161205.2079,383885.0254,1.0,0.666522682,296.9534912,207.0,0
4762,4763,158433.5582,383283.3972,1.0,0.596981406,307.6480103,77.0,0
4764,4765,159398.5507,383651.4327,1.0,0.697073162,227.3961792,77.0,0
4765,4766,159921.7328,387892.0743,1.0,0.551837087,308.6666565,207.0,0
4767,4768,161275.6825,387239.4913,1.0,0.559617162,303.1319885,207.0,0
4769,4770,160708.3977,384098.184,1.0,0.742125988,240.3000031,111.0,0
4779,4780,160024.3955,386703.0994,1.0,0.499057204,306.6094971,111.0,0
4781,4782,162584.6565,387761.0763,1.0,0.626502395,249.2247162,207.0,0
4785,4786,160289.9479,384244.7528,1.0,0.677567542,227.2885437,111.0,0
4789,4790,159730.9394,384323.2361,1.0,0.636987388,312.3108215,111.0,0
4793,4794,162047.5807,387612.194,1.0,0.658259511,289.6403198,207.0,0
4802,4803,161833.3142,381506.9749,1.0,0.697356045,328.6183167,207.0,0
4806,4807,160968.2457,384132.4713,1.0,0.717824876,321.3599854,207.0,0
4808,4809,161333.332,383276.0693,1.0,0.623685896,293.0938416,111.0,0
4810,4811,161090.839,388186.2257,1.0,0.458075941,313.7000122,207.0,0
4828,4829,160605.1717,384792.2539,1.0,0.714368522,312.6000061,111.0,0
4830,4831,161592.6558,384874.3027,1.0,0.49971807,266.8016052,207.0,0
4841,4842,159834.6153,382508.4373,1.0,0.575808764,308.8176575,77.0,0
4842,4843,162857.8151,387335.4347,1.0,0.432689101,287.8440552,207.0,0
4845,4846,164508.8143,384120.7109,1.0,0.439502984,293.1916199,207.0,0
4847,4848,161013.4072,382725.9888,1.0,0.843608797,317.3399963,77.0,0
4860,4861,160331.8828,387031.6945,1.0,0.564069569,253.2256165,111.0,0
4865,4866,161070.3401,384927.3681,1.0,0.580576777,270.0531921,111.0,0
4866,4867,162750.6006,387818.6393,1.0,0.556196928,315.7437744,207.0,0
4871,4872,159395.4814,382543.5286,1.0,0.436719716,331.5312805,77.0,0
4877,4878,159161.9005,381189.2687,1.0,0.612235904,291.0400085,77.0,0
4881,4882,160776.4503,385383.1865,1.0,0.695827961,320.1910095,111.0,0
4882,4883,164171.8723,383112.2714,1.0,0.49022612,285.1199951,207.0,0
4887,4888,161602.0363,384707.4746,1.0,0.423866779,295.1476135,207.0,0
4890,4891,162072.8998,384405.4329,1.0,0.329642624,193.4657288,207.0,0
4893,4894,159559.6687,381500.9481,1.0,0.643023133,280.2919617,77.0,0
4902,4903,162675.3076,387235.9121,1.0,0.475669503,313.1189575,207.0,0
4909,4910,159574.5396,381028.8837,1.0,0.589485347,271.0799866,77.0,0
4919,4920,161608.2604,384982.2233,1.0,0.522591949,273.6600037,207.0,0
4920,4921,164563.9401,383631.6938,1.0,0.339075178,310.2673035,207.0,0
4927,4928,159302.1342,383428.2401,1.0,0.707023978,318.2720337,77.0,0
4930,4931,159813.4504,384658.8658,1.0,0.659691393,218.8378906,111.0,0
4931,4932,162324.4301,387702.9698,1.0,0.679717064,307.7062683,207.0,0
4942,4943,159490.417,387299.7466,1.0,0.454323679,346.4411926,111.0,0
4943,4944,161956.3214,387539.3096,1.0,0.657982886,296.3525085,207.0,0
4948,4949,162197.7482,381777.0384,1.0,0.831212401,292.5499878,207.0,0
4949,4950,161972.3729,384979.3264,1.0,0.498170137,245.0724487,207.0,0
4956,4957,159727.3379,381851.9923,1.0,0.594559431,232.1041718,77.0,0
4957,4958,159268.1602,384166.3413,1.0,0.617447257,284.3426208,77.0,0
4958,4959,158867.6846,383620.9597,1.0,0.565346777,274.6143188,77.0,0
4959,4960,164120.185,383307.3379,1.0,0.525717556,241.9199982,207.0,0
4960,4961,160916.2346,386447.7705,1.0,0.526833177,293.7258606,111.0,0
4965,4966,160741.4638,385884.8794,1.0,0.626210988,264.3418884,111.0,0
4966,4967,159280.4349,383140.5187,1.0,0.617135227,304.2440491,77.0,0
4973,4974,163617.5983,381885.4755,1.0,0.728852987,312.8000183,207.0,0
4988,4989,161283.4383,384884.2916,1.0,0.503836393,325.6575012,207.0,0
4996,4997,162725.3891,387517.1967,1.0,0.586863756,309.0599976,207.0,0
5009,5010,162369.6667,386708.7293,1.0,0.42998144,279.8399963,207.0,0
5010,5011,163395.6121,381252.3693,1.0,0.763434768,293.9678345,207.0,0
5011,5012,160761.3782,387005.6673,1.0,0.543889284,309.480011,111.0,0
5015,5016,163832.7984,383905.1404,1.0,0.599784851,293.6000061,207.0,0
5016,5017,160673.291,386413.2478,1.0,0.561418116,253.7715454,111.0,0
5018,5019,162151.8397,387145.774,1.0,0.536818027,279.721405,207.0,0
5019,5020,162358.1909,381673.7522,1.0,0.836679518,333.8770142,207.0,0
5021,5022,160477.2284,387716.5631,1.0,0.510231256,303.4599915,207.0,0
5026,5027,163242.7101,381442.2726,1.0,0.826716542,279.1504822,207.0,0
5034,5035,162755.9016,383135.6468,1.0,0.794430733,291.891449,207.0,0
5041,5042,158312.5868,383572.8001,1.0,0.553848088,284.1199951,77.0,0
5051,5052,159378.7984,381744.9407,1.0,0.56550318,238.3400116,77.0,0
5061,5062,160601.9979,386110.6918,1.0,0.594424427,252.880188,111.0,0
5062,5063,160365.9574,387898.5878,1.0,0.51466316,297.2993469,207.0,0
5071,5072,160398.4014,386820.9942,1.0,0.591765881,308.1499939,111.0,0
5076,5077,163825.0065,383394.7431,1.0,0.638273001,298.0,207.0,0
5080,5081,158561.2043,381535.2998,1.0,0.605819106,316.573822,77.0,0
5094,5095,161666.1843,385377.5135,1.0,0.638023734,302.2799988,207.0,0
5101,5102,159002.4048,388548.4383,1.0,0.430007041,302.8040161,111.0,0
5106,5107,161158.1698,385255.1763,1.0,0.638738811,294.2999878,111.0,0
5108,5109,159229.5784,384072.8502,1.0,0.605914295,285.9929199,77.0,0
5126,5127,160737.2828,383884.6319,1.0,0.768527091,285.0993042,111.0,0
5130,5131,161658.7881,384237.7089,1.0,0.469349593,336.0761414,207.0,0
5143,5144,163123.4155,383058.551,1.0,0.745691657,303.5909424,207.0,0
5148,5149,159697.6426,380809.8422,1.0,0.475429654,302.1094055,77.0,0
5150,5151,163804.4515,383619.6909,1.0,0.621179402,320.8500061,207.0,0
5157,5158,159754.1579,383193.361,1.0,0.765639186,303.1650391,77.0,0
5158,5159,159932.3572,387204.1993,1.0,0.490377873,215.4911346,111.0,0
5159,5160,160740.1991,386888.779,1.0,0.59013468,268.189209,111.0,0
5164,5165,159334.3877,382331.8493,1.0,0.427645564,334.9244995,77.0,0
5176,5177,162798.7842,381513.5557,1.0,0.822851002,316.6000061,207.0,0
5179,5180,159602.6107,384744.8528,1.0,0.592021286,263.6104736,111.0,0
5181,5182,162265.061,386694.1313,1.0,0.442107975,260.0024109,207.0,0
5183,5184,158965.479,383518.1281,1.0,0.596486032,281.6484375,77.0,0
5187,5188,158814.9468,388722.8241,1.0,0.388568342,322.4500427,111.0,0
5188,5189,155477.5454,382839.845,1.0,0.354979426,328.4110107,77.0,0
5192,5193,160199.1996,382609.383,1.0,0.742690325,288.0,77.0,0
5200,5201,161827.9511,385700.1547,1.0,0.668734193,262.4963989,207.0,0
5204,5205,161724.9631,387754.7236,1.0,0.598731279,331.3651123,207.0,0
5206,5207,162839.8769,387437.947,1.0,0.49236393,313.150238,207.0,0
5208,5209,158256.2291,381336.2167,1.0,0.658741951,315.25,77.0,0
5217,5218,157835.8983,380896.4939,1.0,0.563530803,341.8355408,77.0,0
5225,5226,160247.8917,385369.1147,1.0,0.765398979,260.0436707,111.0,0
5227,5228,159043.9533,383817.6916,1.0,0.551465452,288.6059265,77.0,0
5233,5234,161220.6096,383117.5427,1.0,0.692244411,300.7000122,77.0,0
5234,5235,159597.2113,386192.6458,1.0,0.424609691,344.1000061,111.0,0
5236,5237,161741.1805,384415.0378,1.0,0.425939769,243.8848114,207.0,0
5237,5238,163564.8094,383412.1064,1.0,0.699925661,301.3760071,207.0,0
5245,5246,163970.9597,383167.2273,1.0,0.573691308,301.7598267,207.0,0
5250,5251,159459.1284,381578.7651,1.0,0.605121017,270.0274963,77.0,0
5251,5252,158667.2287,383885.1155,1.0,0.505405784,291.7600098,77.0,0
5254,5255,159564.2827,384069.0469,1.0,0.682643831,313.1611938,111.0,0
5255,5256,159114.3484,387897.5277,1.0,0.476872772,319.8999939,111.0,0
5257,5258,158010.1857,381199.3278,1.0,0.584878266,257.8529663,77.0,0
5261,5262,164605.9259,383904.9154,1.0,0.360359043,285.1000061,207.0,0
5267,5268,160343.4847,382572.2533,1.0,0.78339684,253.3996582,77.0,0
5277,5278,162356.7059,381197.1689,1.0,0.694945753,310.56604,207.0,0
5281,5282,162804.5851,388071.7183,1.0,0.476238519,315.1054688,207.0,0
5290,5291,161287.5582,387825.3264,1.0,0.542175412,313.8001404,207.0,0
5306,5307,159299.2648,381509.0343,1.0,0.597118437,255.6000061,77.0,0
5309,5310,160999.6086,386255.9533,1.0,0.509712577,296.3443909,111.0,0
5313,5314,161194.3602,385479.5171,1.0,0.670408726,271.8500061,111.0,0
5331,5332,163529.8018,383112.4988,1.0,0.748736978,294.6176453,207.0,0
5333,5334,157853.8779,381100.8468,1.0,0.531707942,203.0663757,77.0,0
5335,5336,159838.5144,381147.6522,1.0,0.638248026,306.9824524,77.0,0
5341,5342,159835.9425,386411.7625,1.0,0.445659667,290.7969666,111.0,0
5353,5354,160634.0663,384488.7639,1.0,0.713508248,318.4665833,111.0,0
5354,5355,161754.7321,379516.1454,1.0,0.212604582,377.6797791,207.0,0
5358,5359,160470.2912,381618.1636,1.0,0.692643464,318.4399109,77.0,0
5359,5360,160902.0384,386201.4702,1.0,0.540485144,313.4926147,111.0,0
5362,5363,159740.154,385141.8851,1.0,0.711382627,283.3765869,111.0,0
5376,5377,162563.3376,387261.205,1.0,0.550314367,305.5136108,207.0,0
5378,5379,161867.5223,385414.3661,1.0,0.665802836,250.3343964,207.0,0
5383,5384,161056.7917,382836.5381,1.0,0.840803921,322.6000061,77.0,0
5386,5387,161037.7858,384418.6447,1.0,0.623684406,291.2529907,111.0,0
5401,5402,162001.3204,386580.0589,1.0,0.447235644,250.2696075,207.0,0
5403,5404,159005.3156,387852.1768,1.0,0.46135509,313.5287781,111.0,0
5404,5405,162101.4255,385012.4365,1.0,0.48602891,305.502655,207.0,0
5406,5407,162627.4196,387060.1604,1.0,0.461813033,309.8054199,207.0,0
5407,5408,159818.9975,381453.2607,1.0,0.687320113,299.5916443,77.0,0
5416,5417,159673.7634,386916.1886,1.0,0.423116058,258.1062317,111.0,0
5417,5418,159358.5569,381878.3458,1.0,0.52876544,286.0799866,77.0,0
5423,5424,159208.0443,388223.6256,1.0,0.477104664,289.6799927,111.0,0
5443,5444,161370.8684,385568.7195,1.0,0.63172096,293.8181152,207.0,0
5445,5446,159892.3906,380951.4712,1.0,0.566544592,302.500061,77.0,0
5458,5459,160471.013,384652.7466,1.0,0.743851602,295.1940918,111.0,0
5473,5474,160303.1991,386239.0754,1.0,0.60224092,247.003479,111.0,0
5474,5475,159820.815,386208.1198,1.0,0.474256665,318.8399963,111.0,0
5478,5479,164333.7975,384045.8649,1.0,0.517222822,278.3049011,207.0,0
5482,5483,159022.9026,388057.5579,1.0,0.479920924,298.9424133,111.0,0
5498,5499,162995.5215,383175.9567,1.0,0.816599488,249.8200073,207.0,0
5500,5501,160314.7427,384016.8358,1.0,0.712622106,314.5942993,111.0,0
5501,5502,159551.0781,381774.4269,1.0,0.58850044,315.2378235,77.0,0
5502,5503,162060.0708,386780.951,1.0,0.499577016,286.8800049,207.0,0
5504,5505,162170.3513,388048.5855,1.0,0.581144452,291.4298706,207.0,0
5510,5511,161036.4233,387273.0084,1.0,0.546725869,279.5392761,207.0,0
5511,5512,160872.3346,384808.8326,1.0,0.620719016,193.8399963,111.0,0
5515,5516,161810.1922,384662.4318,1.0,0.344620317,221.7377167,207.0,0
5516,5517,158466.616,383944.3615,1.0,0.502556622,274.4755249,77.0,0
5518,5519,159093.744,388737.0524,1.0,0.397598892,257.8278198,111.0,0
5525,5526,163106.6683,382078.0285,1.0,0.771660984,288.5,207.0,0
5528,5529,162489.1009,387730.4755,1.0,0.642515719,267.9200134,207.0,0
5531,5532,159810.5885,380841.1789,1.0,0.519958794,305.342865,77.0,0
5534,5535,159270.3582,383866.7991,1.0,0.616023898,258.5933533,77.0,0
5540,5541,161165.9202,384847.8817,1.0,0.543498099,289.868927,111.0,0
5547,5548,164148.6903,384504.4126,1.0,0.488254964,327.8756104,207.0,0
5549,5550,160118.0786,385900.2004,1.0,0.652422011,314.8999939,111.0,0
5558,5559,159970.4444,382100.1878,1.0,0.596194804,234.5466461,77.0,0
5566,5567,161268.6986,386685.4487,1.0,0.510887682,280.2181702,111.0,0
5573,5574,162057.7413,385818.7771,1.0,0.634549081,304.5339966,207.0,0
5574,5575,158208.1552,383372.6784,1.0,0.559149981,300.8800049,77.0,0
5576,5577,161030.9614,386720.515,1.0,0.553186893,293.0491333,111.0,0
5579,5580,162029.5191,385446.5172,1.0,0.642689466,271.234375,207.0,0
5581,5582,159449.6799,387100.6219,1.0,0.413993448,327.1426392,111.0,0
5595,5596,159087.6967,383544.0922,1.0,0.658054769,262.2772217,77.0,0
5599,5600,159007.2082,388197.6543,1.0,0.477503419,295.2999878,111.0,0
5610,5611,159621.1421,383951.5145,1.0,0.717891097,321.4183044,77.0,0
5630,5631,162463.618,383269.9219,1.0,0.777309358,280.3603821,207.0,0
5643,5644,160419.6282,387378.9655,1.0,0.569740653,295.1099854,111.0,0
5663,5664,164026.2326,383615.625,1.0,0.555916965,334.230011,207.0,0
5666,5667,158809.0694,384027.2332,1.0,0.473773271,315.3599854,77.0,0
5667,5668,161799.2859,384880.1502,1.0,0.482563943,235.2118073,207.0,0
5669,5670,161419.4786,386549.6491,1.0,0.505714238,250.1483612,111.0,0
5671,5672,161144.1592,387502.8264,1.0,0.554439127,320.5533447,207.0,0
5673,5674,160035.5738,381502.2875,1.0,0.712842345,297.0100708,77.0,0
5675,5676,159479.9281,384916.5073,1.0,0.612998307,280.9387207,111.0,0
5687,5688,159245.9688,381703.0019,1.0,0.563621581,261.6811523,77.0,0
5693,5694,161584.7725,387220.6627,1.0,0.559363067,254.5,111.0,0
5697,5698,159367.1849,381095.5774,1.0,0.593084276,289.709198,77.0,0
5699,5700,160122.2244,381564.6238,1.0,0.706511736,274.8800049,77.0,0
5705,5706,161207.9072,383662.825,1.0,0.68048948,299.5942993,111.0,0
5711,5712,162657.1622,383319.1931,1.0,0.797798634,299.0921936,207.0,0
5713,5714,160578.3219,385754.6927,1.0,0.66619736,288.20578,111.0,0
5715,5716,161625.3994,385917.1921,1.0,0.594547331,290.1199951,207.0,0
5717,5718,158909.5626,388502.9295,1.0,0.424710691,308.2134705,111.0,0
5729,5730,161332.7672,387626.9488,1.0,0.555097282,323.9379883,207.0,0
5731,5732,162429.9074,385466.9678,1.0,0.48576051,290.0799866,207.0,0
5733,5734,159309.115,388149.8486,1.0,0.499746829,302.789093,111.0,0
5734,5735,161815.166,379663.1437,1.0,0.219016999,341.2064209,207.0,0
5745,5746,160496.4608,386786.9415,1.0,0.587363422,289.5,111.0,0
5746,5747,161633.9427,387879.7736,1.0,0.555109203,308.0230103,207.0,0
5752,5753,163275.9948,383941.3251,1.0,0.667615891,325.1307068,207.0,0
5754,5755,161490.94,383559.1182,1.0,0.611848295,322.5411682,207.0,0
5867,5868,159331.638,389540.5208,1.0,0.275232732,315.85495,111.0,0
5875,5876,159442.8491,389348.7979,1.0,0.294733495,252.9104309,111.0,0
5878,5879,159694.7354,389465.9356,1.0,0.270228356,300.8846741,111.0,0
5916,5917,159651.6116,389366.1746,1.0,0.288218796,318.321228,111.0,0
5955,5956,159530.5479,389501.893,1.0,0.274098605,242.54245,111.0,0
5964,5965,159472.1929,389608.0578,1.0,0.259273231,319.6122131,111.0,0
5973,5974,159408.4962,389474.7352,1.0,0.279566944,262.2464905,111.0,0
5983,5984,159552.8952,389402.8156,1.0,0.284153104,191.0064545,111.0,0
