station_j,battery_type,active,battery_type_label
0,0,1.0,Small
1,0,1.0,Small
4,0,1.0,Small
5,0,1.0,Small
9,0,1.0,Small
10,0,1.0,Small
11,0,1.0,Small
14,0,1.0,Small
16,0,1.0,Small
18,0,1.0,Small
19,0,1.0,Small
21,0,1.0,Small
22,0,1.0,Small
25,0,1.0,Small
30,0,1.0,Small
31,0,1.0,Small
34,0,1.0,Small
36,0,1.0,Small
39,0,1.0,Small
40,0,1.0,Small
42,0,1.0,Small
43,0,1.0,Small
45,0,1.0,Small
46,0,1.0,Small
47,0,1.0,Small
50,0,1.0,Small
51,0,1.0,Small
53,0,1.0,Small
54,0,1.0,Small
57,0,1.0,Small
58,0,1.0,Small
62,0,1.0,Small
63,0,1.0,Small
68,0,1.0,Small
71,0,1.0,Small
72,0,1.0,Small
74,0,1.0,Small
76,0,1.0,Small
78,0,1.0,Small
79,0,1.0,Small
80,0,1.0,Small
81,0,1.0,Small
82,0,1.0,Small
83,0,1.0,Small
85,0,1.0,Small
86,0,1.0,Small
88,0,1.0,Small
89,0,1.0,Small
90,0,1.0,Small
91,0,1.0,Small
92,0,1.0,Small
93,0,1.0,Small
94,0,1.0,Small
95,0,1.0,Small
96,0,1.0,Small
99,0,1.0,Small
105,0,1.0,Small
106,0,1.0,Small
113,0,1.0,Small
116,0,1.0,Small
117,0,1.0,Small
119,0,1.0,Small
123,0,1.0,Small
125,0,1.0,Small
126,0,1.0,Small
128,0,1.0,Small
131,0,1.0,Small
132,0,1.0,Small
134,0,1.0,Small
135,0,1.0,Small
136,0,1.0,Small
139,0,1.0,Small
141,0,1.0,Small
147,0,1.0,Small
152,0,1.0,Small
154,0,1.0,Small
155,0,1.0,Small
156,0,1.0,Small
159,0,1.0,Small
161,0,1.0,Small
162,0,1.0,Small
163,0,1.0,Small
165,0,1.0,Small
166,0,1.0,Small
169,0,1.0,Small
171,0,1.0,Small
172,0,1.0,Small
174,0,1.0,Small
176,0,1.0,Small
177,0,1.0,Small
178,0,1.0,Small
179,0,1.0,Small
182,0,1.0,Small
184,0,1.0,Small
185,0,1.0,Small
187,0,1.0,Small
188,0,1.0,Small
189,0,1.0,Small
190,0,1.0,Small
191,0,1.0,Small
194,0,1.0,Small
198,0,1.0,Small
199,0,1.0,Small
202,0,1.0,Small
206,0,1.0,Small
207,0,1.0,Small
211,0,1.0,Small
217,0,1.0,Small
220,0,1.0,Small
221,0,1.0,Small
223,0,1.0,Small
224,0,1.0,Small
227,0,1.0,Small
230,0,1.0,Small
231,0,1.0,Small
232,0,1.0,Small
233,0,1.0,Small
237,0,1.0,Small
238,0,1.0,Small
239,0,1.0,Small
240,0,1.0,Small
243,0,1.0,Small
245,0,1.0,Small
247,0,1.0,Small
248,0,1.0,Small
249,0,1.0,Small
251,0,1.0,Small
253,0,1.0,Small
254,0,1.0,Small
256,0,1.0,Small
258,0,1.0,Small
259,0,1.0,Small
260,0,1.0,Small
266,0,1.0,Small
267,0,1.0,Small
270,0,1.0,Small
271,0,1.0,Small
272,0,1.0,Small
273,0,1.0,Small
274,0,1.0,Small
277,0,1.0,Small
278,0,1.0,Small
281,0,1.0,Small
282,0,1.0,Small
284,0,1.0,Small
285,0,1.0,Small
289,0,1.0,Small
290,0,1.0,Small
292,0,1.0,Small
293,0,1.0,Small
294,0,1.0,Small
298,0,1.0,Small
299,0,1.0,Small
302,0,1.0,Small
304,0,1.0,Small
306,0,1.0,Small
311,0,1.0,Small
312,0,1.0,Small
313,0,1.0,Small
314,0,1.0,Small
315,0,1.0,Small
317,0,1.0,Small
318,0,1.0,Small
319,0,1.0,Small
328,0,1.0,Small
330,0,1.0,Small
333,0,1.0,Small
334,0,1.0,Small
336,0,1.0,Small
337,0,1.0,Small
338,0,1.0,Small
340,0,1.0,Small
341,0,1.0,Small
346,0,1.0,Small
347,0,1.0,Small
348,0,1.0,Small
349,0,1.0,Small
350,0,1.0,Small
351,0,1.0,Small
354,0,1.0,Small
356,0,1.0,Small
357,0,1.0,Small
359,0,1.0,Small
363,0,1.0,Small
365,0,1.0,Small
366,0,1.0,Small
367,0,1.0,Small
368,0,1.0,Small
369,0,1.0,Small
370,0,1.0,Small
372,0,1.0,Small
374,0,1.0,Small
378,0,1.0,Small
380,0,1.0,Small
382,0,1.0,Small
383,0,1.0,Small
384,0,1.0,Small
386,0,1.0,Small
390,0,1.0,Small
391,0,1.0,Small
392,0,1.0,Small
395,0,1.0,Small
398,0,1.0,Small
399,0,1.0,Small
401,0,1.0,Small
407,0,1.0,Small
409,0,1.0,Small
413,0,1.0,Small
415,0,1.0,Small
416,0,1.0,Small
417,0,1.0,Small
419,0,1.0,Small
421,0,1.0,Small
423,0,1.0,Small
424,0,1.0,Small
426,0,1.0,Small
427,0,1.0,Small
428,0,1.0,Small
429,0,1.0,Small
430,0,1.0,Small
432,0,1.0,Small
434,0,1.0,Small
437,0,1.0,Small
438,0,1.0,Small
439,0,1.0,Small
440,0,1.0,Small
441,0,1.0,Small
443,0,1.0,Small
444,0,1.0,Small
445,0,1.0,Small
447,0,1.0,Small
448,0,1.0,Small
453,0,1.0,Small
454,0,1.0,Small
455,0,1.0,Small
456,0,1.0,Small
458,0,1.0,Small
459,0,1.0,Small
461,0,1.0,Small
462,0,1.0,Small
463,0,1.0,Small
466,0,1.0,Small
467,0,1.0,Small
469,0,1.0,Small
474,0,1.0,Small
475,0,1.0,Small
478,0,1.0,Small
479,0,1.0,Small
481,0,1.0,Small
482,0,1.0,Small
484,0,1.0,Small
485,0,1.0,Small
486,0,1.0,Small
487,0,1.0,Small
488,0,1.0,Small
489,0,1.0,Small
490,0,1.0,Small
491,0,1.0,Small
492,0,1.0,Small
493,0,1.0,Small
495,0,1.0,Small
499,0,1.0,Small
500,0,1.0,Small
501,0,1.0,Small
502,0,1.0,Small
503,0,1.0,Small
504,0,1.0,Small
505,0,1.0,Small
507,0,1.0,Small
508,0,1.0,Small
510,0,1.0,Small
511,0,1.0,Small
512,0,1.0,Small
515,0,1.0,Small
518,0,1.0,Small
519,0,1.0,Small
520,0,1.0,Small
522,0,1.0,Small
523,0,1.0,Small
524,0,1.0,Small
525,0,1.0,Small
529,0,1.0,Small
534,0,1.0,Small
535,0,1.0,Small
536,0,1.0,Small
537,0,1.0,Small
541,0,1.0,Small
543,0,1.0,Small
545,0,1.0,Small
547,0,1.0,Small
548,0,1.0,Small
557,0,1.0,Small
559,0,1.0,Small
560,0,1.0,Small
562,0,1.0,Small
565,0,1.0,Small
567,0,1.0,Small
569,0,1.0,Small
570,0,1.0,Small
571,0,1.0,Small
572,0,1.0,Small
574,0,1.0,Small
578,0,1.0,Small
579,0,1.0,Small
580,0,1.0,Small
581,0,1.0,Small
584,0,1.0,Small
585,0,1.0,Small
586,0,1.0,Small
588,0,1.0,Small
589,0,1.0,Small
590,0,1.0,Small
591,0,1.0,Small
592,0,1.0,Small
593,0,1.0,Small
594,0,1.0,Small
595,0,1.0,Small
598,0,1.0,Small
600,0,1.0,Small
606,0,1.0,Small
607,0,1.0,Small
609,0,1.0,Small
610,0,1.0,Small
611,0,1.0,Small
615,0,1.0,Small
616,0,1.0,Small
617,0,1.0,Small
622,0,1.0,Small
625,0,1.0,Small
629,0,1.0,Small
630,0,1.0,Small
631,0,1.0,Small
636,0,1.0,Small
637,0,1.0,Small
638,0,1.0,Small
639,0,1.0,Small
641,0,1.0,Small
642,0,1.0,Small
648,0,1.0,Small
650,0,1.0,Small
651,0,1.0,Small
652,0,1.0,Small
654,0,1.0,Small
657,0,1.0,Small
659,0,1.0,Small
660,0,1.0,Small
661,0,1.0,Small
662,0,1.0,Small
663,0,1.0,Small
666,0,1.0,Small
668,0,1.0,Small
669,0,1.0,Small
670,0,1.0,Small
674,0,1.0,Small
678,0,1.0,Small
679,0,1.0,Small
680,0,1.0,Small
681,0,1.0,Small
686,0,1.0,Small
687,0,1.0,Small
688,0,1.0,Small
693,0,1.0,Small
694,0,1.0,Small
696,0,1.0,Small
699,0,1.0,Small
702,0,1.0,Small
703,0,1.0,Small
704,0,1.0,Small
705,0,1.0,Small
706,0,1.0,Small
709,0,1.0,Small
710,0,1.0,Small
713,0,1.0,Small
718,0,1.0,Small
720,0,1.0,Small
721,0,1.0,Small
722,0,1.0,Small
723,0,1.0,Small
724,0,1.0,Small
728,0,1.0,Small
729,0,1.0,Small
730,0,1.0,Small
732,0,1.0,Small
734,0,1.0,Small
735,0,1.0,Small
736,0,1.0,Small
737,0,1.0,Small
738,0,1.0,Small
739,0,1.0,Small
741,0,1.0,Small
744,0,1.0,Small
746,0,1.0,Small
747,0,1.0,Small
748,0,1.0,Small
751,0,1.0,Small
753,0,1.0,Small
755,0,1.0,Small
756,0,1.0,Small
757,0,1.0,Small
759,0,1.0,Small
762,0,1.0,Small
763,0,1.0,Small
764,0,1.0,Small
766,0,1.0,Small
767,0,1.0,Small
769,0,1.0,Small
771,0,1.0,Small
772,0,1.0,Small
776,0,1.0,Small
778,0,1.0,Small
779,0,1.0,Small
780,0,1.0,Small
781,0,1.0,Small
783,0,1.0,Small
786,0,1.0,Small
789,0,1.0,Small
790,0,1.0,Small
792,0,1.0,Small
794,0,1.0,Small
799,0,1.0,Small
800,0,1.0,Small
801,0,1.0,Small
802,0,1.0,Small
809,0,1.0,Small
810,0,1.0,Small
816,0,1.0,Small
817,0,1.0,Small
819,0,1.0,Small
820,0,1.0,Small
822,0,1.0,Small
823,0,1.0,Small
824,0,1.0,Small
829,0,1.0,Small
831,0,1.0,Small
832,0,1.0,Small
833,0,1.0,Small
835,0,1.0,Small
836,0,1.0,Small
837,0,1.0,Small
839,0,1.0,Small
845,0,1.0,Small
847,0,1.0,Small
853,0,1.0,Small
854,0,1.0,Small
858,0,1.0,Small
859,0,1.0,Small
860,0,1.0,Small
862,0,1.0,Small
865,0,1.0,Small
866,0,1.0,Small
868,0,1.0,Small
871,0,1.0,Small
877,0,1.0,Small
880,0,1.0,Small
887,0,1.0,Small
888,0,1.0,Small
889,0,1.0,Small
890,0,1.0,Small
894,0,1.0,Small
896,0,1.0,Small
898,0,1.0,Small
900,0,1.0,Small
901,0,1.0,Small
904,0,1.0,Small
906,0,1.0,Small
907,0,1.0,Small
908,0,1.0,Small
910,0,1.0,Small
912,0,1.0,Small
914,0,1.0,Small
916,0,1.0,Small
917,0,1.0,Small
919,0,1.0,Small
920,0,1.0,Small
921,0,1.0,Small
922,0,1.0,Small
925,0,1.0,Small
927,0,1.0,Small
929,0,1.0,Small
930,0,1.0,Small
931,0,1.0,Small
932,0,1.0,Small
933,0,1.0,Small
934,0,1.0,Small
936,0,1.0,Small
938,0,1.0,Small
941,0,1.0,Small
942,0,1.0,Small
944,0,1.0,Small
945,0,1.0,Small
946,0,1.0,Small
951,0,1.0,Small
953,0,1.0,Small
958,0,1.0,Small
960,0,1.0,Small
961,0,1.0,Small
963,0,1.0,Small
966,0,1.0,Small
971,0,1.0,Small
972,0,1.0,Small
973,0,1.0,Small
974,0,1.0,Small
975,0,1.0,Small
976,0,1.0,Small
977,0,1.0,Small
979,0,1.0,Small
980,0,1.0,Small
981,0,1.0,Small
983,0,1.0,Small
985,0,1.0,Small
988,0,1.0,Small
989,0,1.0,Small
990,0,1.0,Small
992,0,1.0,Small
993,0,1.0,Small
994,0,1.0,Small
997,0,1.0,Small
998,0,1.0,Small
999,0,1.0,Small
1000,0,1.0,Small
1001,0,1.0,Small
1004,0,1.0,Small
1010,0,1.0,Small
1012,0,1.0,Small
1014,0,1.0,Small
1018,0,1.0,Small
1021,0,1.0,Small
1026,0,1.0,Small
1027,0,1.0,Small
1028,0,1.0,Small
1031,0,1.0,Small
1032,0,1.0,Small
1036,0,1.0,Small
1039,0,1.0,Small
1042,0,1.0,Small
1044,0,1.0,Small
1046,0,1.0,Small
1048,0,1.0,Small
1049,0,1.0,Small
1052,0,1.0,Small
1055,0,1.0,Small
1057,0,1.0,Small
1058,0,1.0,Small
1059,0,1.0,Small
1061,0,1.0,Small
1062,0,1.0,Small
1063,0,1.0,Small
1069,0,1.0,Small
1070,0,1.0,Small
1074,0,1.0,Small
1078,0,1.0,Small
1079,0,1.0,Small
1080,0,1.0,Small
1082,0,1.0,Small
1084,0,1.0,Small
1087,0,1.0,Small
1088,0,1.0,Small
1091,0,1.0,Small
1093,0,1.0,Small
1094,0,1.0,Small
1095,0,1.0,Small
1096,0,1.0,Small
1097,0,1.0,Small
1099,0,1.0,Small
1100,0,1.0,Small
1103,0,1.0,Small
1104,0,1.0,Small
1105,0,1.0,Small
1106,0,1.0,Small
1108,0,1.0,Small
1109,0,1.0,Small
1110,0,1.0,Small
1113,0,1.0,Small
1116,0,1.0,Small
1117,0,1.0,Small
1119,0,1.0,Small
1126,0,1.0,Small
1127,0,1.0,Small
1130,0,1.0,Small
1131,0,1.0,Small
1134,0,1.0,Small
1135,0,1.0,Small
1136,0,1.0,Small
1137,0,1.0,Small
1139,0,1.0,Small
1141,0,1.0,Small
1144,0,1.0,Small
1145,0,1.0,Small
1146,0,1.0,Small
1147,0,1.0,Small
1148,0,1.0,Small
1149,0,1.0,Small
1151,0,1.0,Small
1152,0,1.0,Small
1154,0,1.0,Small
1155,0,1.0,Small
1156,0,1.0,Small
1157,0,1.0,Small
1159,0,1.0,Small
1160,0,1.0,Small
1161,0,1.0,Small
1162,0,1.0,Small
1164,0,1.0,Small
1166,0,1.0,Small
1168,0,1.0,Small
1169,0,1.0,Small
1170,0,1.0,Small
1172,0,1.0,Small
1173,0,1.0,Small
1174,0,1.0,Small
1175,0,1.0,Small
1176,0,1.0,Small
1177,0,1.0,Small
1180,0,1.0,Small
1182,0,1.0,Small
1183,0,1.0,Small
1184,0,1.0,Small
1185,0,1.0,Small
1186,0,1.0,Small
1187,0,1.0,Small
1189,0,1.0,Small
1191,0,1.0,Small
1196,0,1.0,Small
1197,0,1.0,Small
1198,0,1.0,Small
1199,0,1.0,Small
1201,0,1.0,Small
1204,0,1.0,Small
1207,0,1.0,Small
1209,0,1.0,Small
1211,0,1.0,Small
1213,0,1.0,Small
1214,0,1.0,Small
1215,0,1.0,Small
1216,0,1.0,Small
1217,0,1.0,Small
1220,0,1.0,Small
1223,0,1.0,Small
1229,0,1.0,Small
1230,0,1.0,Small
1235,0,1.0,Small
1236,0,1.0,Small
1237,0,1.0,Small
1239,0,1.0,Small
1240,0,1.0,Small
1242,0,1.0,Small
1243,0,1.0,Small
1246,0,1.0,Small
1247,0,1.0,Small
1249,0,1.0,Small
1250,0,1.0,Small
1252,0,1.0,Small
1253,0,1.0,Small
1254,0,1.0,Small
1256,0,1.0,Small
1257,0,1.0,Small
1259,0,1.0,Small
1261,0,1.0,Small
1263,0,1.0,Small
1265,0,1.0,Small
1266,0,1.0,Small
1267,0,1.0,Small
1268,0,1.0,Small
1269,0,1.0,Small
1272,0,1.0,Small
1277,0,1.0,Small
1279,0,1.0,Small
1280,0,1.0,Small
1282,0,1.0,Small
1283,0,1.0,Small
1284,0,1.0,Small
1287,0,1.0,Small
1293,0,1.0,Small
1294,0,1.0,Small
1295,0,1.0,Small
1297,0,1.0,Small
1299,0,1.0,Small
1301,0,1.0,Small
1305,0,1.0,Small
1309,0,1.0,Small
1310,0,1.0,Small
1311,0,1.0,Small
1313,0,1.0,Small
1315,0,1.0,Small
1316,0,1.0,Small
1317,0,1.0,Small
1318,0,1.0,Small
1324,0,1.0,Small
1328,0,1.0,Small
1330,0,1.0,Small
1331,0,1.0,Small
1332,0,1.0,Small
1333,0,1.0,Small
1335,0,1.0,Small
1336,0,1.0,Small
1338,0,1.0,Small
1339,0,1.0,Small
1340,0,1.0,Small
1344,0,1.0,Small
1347,0,1.0,Small
1349,0,1.0,Small
1352,0,1.0,Small
1354,0,1.0,Small
1356,0,1.0,Small
1360,0,1.0,Small
1361,0,1.0,Small
1363,0,1.0,Small
1367,0,1.0,Small
1368,0,1.0,Small
1369,0,1.0,Small
1370,0,1.0,Small
1371,0,1.0,Small
1372,0,1.0,Small
1373,0,1.0,Small
1375,0,1.0,Small
1378,0,1.0,Small
1380,0,1.0,Small
1381,0,1.0,Small
1382,0,1.0,Small
1383,0,1.0,Small
1390,0,1.0,Small
1391,0,1.0,Small
1395,0,1.0,Small
1396,0,1.0,Small
1397,0,1.0,Small
1398,0,1.0,Small
1399,0,1.0,Small
1402,0,1.0,Small
1403,0,1.0,Small
1406,0,1.0,Small
1407,0,1.0,Small
1408,0,1.0,Small
1409,0,1.0,Small
1410,0,1.0,Small
1411,0,1.0,Small
1412,0,1.0,Small
1414,0,1.0,Small
1415,0,1.0,Small
1416,0,1.0,Small
1417,0,1.0,Small
1420,0,1.0,Small
1421,0,1.0,Small
1422,0,1.0,Small
1423,0,1.0,Small
1426,0,1.0,Small
1427,0,1.0,Small
1428,0,1.0,Small
1429,0,1.0,Small
1430,0,1.0,Small
1431,0,1.0,Small
1433,0,1.0,Small
1435,0,1.0,Small
1436,0,1.0,Small
1437,0,1.0,Small
1442,0,1.0,Small
1443,0,1.0,Small
1449,0,1.0,Small
1450,0,1.0,Small
1452,0,1.0,Small
1454,0,1.0,Small
1455,0,1.0,Small
1459,0,1.0,Small
1460,0,1.0,Small
1462,0,1.0,Small
1463,0,1.0,Small
1464,0,1.0,Small
1465,0,1.0,Small
1467,0,1.0,Small
1468,0,1.0,Small
1470,0,1.0,Small
1473,0,1.0,Small
1475,0,1.0,Small
1477,0,1.0,Small
1478,0,1.0,Small
1481,0,1.0,Small
1484,0,1.0,Small
1485,0,1.0,Small
1487,0,1.0,Small
1489,0,1.0,Small
1490,0,1.0,Small
1493,0,1.0,Small
1494,0,1.0,Small
1495,0,1.0,Small
1500,0,1.0,Small
1503,0,1.0,Small
1504,0,1.0,Small
1506,0,1.0,Small
1509,0,1.0,Small
1510,0,1.0,Small
1511,0,1.0,Small
1513,0,1.0,Small
1515,0,1.0,Small
1518,0,1.0,Small
1521,0,1.0,Small
1522,0,1.0,Small
1523,0,1.0,Small
1525,0,1.0,Small
1526,0,1.0,Small
1529,0,1.0,Small
1530,0,1.0,Small
1531,0,1.0,Small
1534,0,1.0,Small
1536,0,1.0,Small
1537,0,1.0,Small
1539,0,1.0,Small
1540,0,1.0,Small
1541,0,1.0,Small
1542,0,1.0,Small
1543,0,1.0,Small
1546,0,1.0,Small
1549,0,1.0,Small
1550,0,1.0,Small
1551,0,1.0,Small
1552,0,1.0,Small
1553,0,1.0,Small
1554,0,1.0,Small
1557,0,1.0,Small
1560,0,1.0,Small
1561,0,1.0,Small
1562,0,1.0,Small
1566,0,1.0,Small
1567,0,1.0,Small
1568,0,1.0,Small
1572,0,1.0,Small
1573,0,1.0,Small
1575,0,1.0,Small
1579,0,1.0,Small
1580,0,1.0,Small
1581,0,1.0,Small
1582,0,1.0,Small
1586,0,1.0,Small
1590,0,1.0,Small
1592,0,1.0,Small
1594,0,1.0,Small
1597,0,1.0,Small
1598,0,1.0,Small
1599,0,1.0,Small
1600,0,1.0,Small
1606,0,1.0,Small
1607,0,1.0,Small
1609,0,1.0,Small
1610,0,1.0,Small
1615,0,1.0,Small
1617,0,1.0,Small
1618,0,1.0,Small
1619,0,1.0,Small
1620,0,1.0,Small
1621,0,1.0,Small
1622,0,1.0,Small
1623,0,1.0,Small
1624,0,1.0,Small
1625,0,1.0,Small
1627,0,1.0,Small
1630,0,1.0,Small
1633,0,1.0,Small
1634,0,1.0,Small
1635,0,1.0,Small
1640,0,1.0,Small
1643,0,1.0,Small
1644,0,1.0,Small
1645,0,1.0,Small
1646,0,1.0,Small
1647,0,1.0,Small
1653,0,1.0,Small
1654,0,1.0,Small
1656,0,1.0,Small
1657,0,1.0,Small
1659,0,1.0,Small
1661,0,1.0,Small
1662,0,1.0,Small
1663,0,1.0,Small
1664,0,1.0,Small
1665,0,1.0,Small
1667,0,1.0,Small
1669,0,1.0,Small
1671,0,1.0,Small
1675,0,1.0,Small
1676,0,1.0,Small
1678,0,1.0,Small
1679,0,1.0,Small
1682,0,1.0,Small
1683,0,1.0,Small
1684,0,1.0,Small
1688,0,1.0,Small
1689,0,1.0,Small
1691,0,1.0,Small
1692,0,1.0,Small
1693,0,1.0,Small
1694,0,1.0,Small
1696,0,1.0,Small
1697,0,1.0,Small
1699,0,1.0,Small
1700,0,1.0,Small
1701,0,1.0,Small
1704,0,1.0,Small
1707,0,1.0,Small
1710,0,1.0,Small
1711,0,1.0,Small
1715,0,1.0,Small
1717,0,1.0,Small
1720,0,1.0,Small
1721,0,1.0,Small
1722,0,1.0,Small
1723,0,1.0,Small
1725,0,1.0,Small
1727,0,1.0,Small
1728,0,1.0,Small
1729,0,1.0,Small
1731,0,1.0,Small
1732,0,1.0,Small
1733,0,1.0,Small
1734,0,1.0,Small
1738,0,1.0,Small
1740,0,1.0,Small
1741,0,1.0,Small
1743,0,1.0,Small
1744,0,1.0,Small
1745,0,1.0,Small
1747,0,1.0,Small
1748,0,1.0,Small
1750,0,1.0,Small
1752,0,1.0,Small
1753,0,1.0,Small
1754,0,1.0,Small
1755,0,1.0,Small
1756,0,1.0,Small
1758,0,1.0,Small
1759,0,1.0,Small
1761,0,1.0,Small
1762,0,1.0,Small
1766,0,1.0,Small
1770,0,1.0,Small
1773,0,1.0,Small
1775,0,1.0,Small
1776,0,1.0,Small
1777,0,1.0,Small
1779,0,1.0,Small
1780,0,1.0,Small
1781,0,1.0,Small
1782,0,1.0,Small
1783,0,1.0,Small
1785,0,1.0,Small
1787,0,1.0,Small
1789,0,1.0,Small
1790,0,1.0,Small
1793,0,1.0,Small
1798,0,1.0,Small
1799,0,1.0,Small
1804,0,1.0,Small
1805,0,1.0,Small
1806,0,1.0,Small
1807,0,1.0,Small
1808,0,1.0,Small
1812,0,1.0,Small
1815,0,1.0,Small
1816,0,1.0,Small
1819,0,1.0,Small
1820,0,1.0,Small
1823,0,1.0,Small
1825,0,1.0,Small
1828,0,1.0,Small
1829,0,1.0,Small
1831,0,1.0,Small
1832,0,1.0,Small
1833,0,1.0,Small
1834,0,1.0,Small
1836,0,1.0,Small
1839,0,1.0,Small
1840,0,1.0,Small
1841,0,1.0,Small
1842,0,1.0,Small
1843,0,1.0,Small
1846,0,1.0,Small
1848,0,1.0,Small
1851,0,1.0,Small
1852,0,1.0,Small
1853,0,1.0,Small
1854,0,1.0,Small
1855,0,1.0,Small
1857,0,1.0,Small
1858,0,1.0,Small
1862,0,1.0,Small
1863,0,1.0,Small
1864,0,1.0,Small
1866,0,1.0,Small
1867,0,1.0,Small
1872,0,1.0,Small
1875,0,1.0,Small
1876,0,1.0,Small
1880,0,1.0,Small
1883,0,1.0,Small
1885,0,1.0,Small
1886,0,1.0,Small
1887,0,1.0,Small
1889,0,1.0,Small
1892,0,1.0,Small
1894,0,1.0,Small
1895,0,1.0,Small
1896,0,1.0,Small
1899,0,1.0,Small
1900,0,1.0,Small
1901,0,1.0,Small
1902,0,1.0,Small
1904,0,1.0,Small
1905,0,1.0,Small
1909,0,1.0,Small
1911,0,1.0,Small
1912,0,1.0,Small
1914,0,1.0,Small
1915,0,1.0,Small
1917,0,1.0,Small
1919,0,1.0,Small
1921,0,1.0,Small
1923,0,1.0,Small
1926,0,1.0,Small
1930,0,1.0,Small
1931,0,1.0,Small
1932,0,1.0,Small
1933,0,1.0,Small
1936,0,1.0,Small
1937,0,1.0,Small
1938,0,1.0,Small
1939,0,1.0,Small
1940,0,1.0,Small
1942,0,1.0,Small
1943,0,1.0,Small
1944,0,1.0,Small
1946,0,1.0,Small
1950,0,1.0,Small
1951,0,1.0,Small
1952,0,1.0,Small
1953,0,1.0,Small
1954,0,1.0,Small
1958,0,1.0,Small
1960,0,1.0,Small
1961,0,1.0,Small
1962,0,1.0,Small
1966,0,1.0,Small
1967,0,1.0,Small
1968,0,1.0,Small
1969,0,1.0,Small
1970,0,1.0,Small
1972,0,1.0,Small
1975,0,1.0,Small
1977,0,1.0,Small
1979,0,1.0,Small
1981,0,1.0,Small
1982,0,1.0,Small
1985,0,1.0,Small
1989,0,1.0,Small
1992,0,1.0,Small
1993,0,1.0,Small
2001,0,1.0,Small
2003,0,1.0,Small
2004,0,1.0,Small
2005,0,1.0,Small
2006,0,1.0,Small
2009,0,1.0,Small
2012,0,1.0,Small
2013,0,1.0,Small
2014,0,1.0,Small
2016,0,1.0,Small
2017,0,1.0,Small
2018,0,1.0,Small
2019,0,1.0,Small
2020,0,1.0,Small
2022,0,1.0,Small
2027,0,1.0,Small
2028,0,1.0,Small
2031,0,1.0,Small
2032,0,1.0,Small
